ID,Word 1,Word 2,PoS,Annotator 1,Annotator 2,Annotator 3,Annotator 4,Annotator 5,Annotator 6,Annotator 7,Annotator 8,Annotator 9,Annotator 10,Annotator 11
1,手臂,肌肉,nouns,0,0,1,2,2,0,0,5,2,0,1
2,民主,帝制,nouns,0,0,1,0,0,0,0,0,0,0,0
3,屋顶,天花板,nouns,0,4,4,3,3,4,3,5,5,3,1
4,朋友,老师,nouns,0,1,2,2,2,0,2,0,0,0,0
5,手,脚,nouns,0,2,2,0,0,0,0,0,0,0,1
6,传记,小说,nouns,0,3,4,4,3,4,2,2,3,1,3
7,磁盘,电脑,nouns,0,2,1,0,0,0,1,0,0,1,1
8,击剑,体操,nouns,0,2,2,2,1,0,3,0,0,0,0
9,银行,座位,nouns,0,0,0,0,0,2,0,0,0,0,0
10,皇帝,宪法,nouns,0,0,0,0,0,0,0,0,0,1,0
11,枪,戏法,nouns,0,0,0,0,0,0,1,0,0,0,0
12,大小,量,nouns,0,2,2,3,1,5,1,4,2,3,2
13,球,手套,nouns,0,0,0,0,1,0,1,0,0,0,0
14,羊,牛,nouns,0,0,2,2,2,4,0,1,2,1,1
15,蜥蜴,鳄鱼,nouns,0,3,0,1,0,0,0,0,0,0,1
16,朋友,宾客,nouns,2,4,2,2,1,5,4,6,5,2,2
17,生日,日期,nouns,2,1,1,3,1,2,1,2,1,1,1
18,车,出租车,nouns,3,4,5,4,2,2,4,3,3,3,5
19,骨头,牙齿,nouns,0,0,3,1,1,0,0,0,0,1,1
20,伞,暖炉,nouns,0,0,0,0,0,1,0,0,0,0,0
21,懊恼,愤怒,nouns,0,3,2,4,2,1,3,3,4,3,1
22,资产,股票,nouns,2,0,2,3,3,4,3,3,3,1,4
23,行动,课程,nouns,0,0,1,0,0,2,0,0,0,1,0
24,庆祝,仪式,nouns,0,3,2,3,2,3,3,5,1,1,2
25,文章,功课,nouns,0,0,2,2,2,1,0,0,2,0,1
26,环球航行,行李,nouns,0,0,0,0,0,0,0,0,0,0,0
27,暴民,人群,nouns,0,0,1,1,2,2,2,0,0,0,2
28,肩,头,nouns,0,0,0,0,2,0,0,0,0,0,0
29,射手,探路者,nouns,0,0,2,1,0,0,0,0,0,0,0
30,神话,讽刺,nouns,0,0,0,0,0,4,0,0,0,0,0
31,获胜者,候选人,nouns,0,3,2,3,1,3,3,4,4,0,1
32,战斗,好斗,nouns,5,4,1,5,2,4,2,5,3,1,1
33,门,大门,nouns,4,6,6,6,6,6,6,6,5,5,5
34,保龄,保龄球选手,nouns,0,2,1,0,3,4,0,0,0,1,1
35,状况,情况,nouns,5,6,5,4,6,5,6,6,4,5,5
36,大型会议,聚会,nouns,4,4,2,3,3,2,2,2,2,4,2
37,注意,谨慎,nouns,4,4,4,4,2,4,4,2,4,3,2
38,地心引力,流星,nouns,0,0,0,0,0,0,0,0,0,0,0
39,晚餐,鸡,nouns,0,0,0,2,0,0,0,0,0,1,0
40,传感器,散热器,nouns,0,0,2,1,0,1,0,0,0,0,0
41,爆玉米花,电影,nouns,0,0,0,1,0,3,0,0,0,1,0
42,房子,公寓,nouns,5,5,2,5,5,6,3,5,3,4,4
43,一分钱,妻子,nouns,0,0,0,0,0,4,0,0,0,0,0
44,词,文学,nouns,0,3,2,2,3,4,0,3,2,1,2
45,扫帚,灰尘,nouns,0,0,0,0,0,3,0,0,0,1,0
46,滑雪板,滑雪,nouns,0,2,1,3,3,5,0,0,0,1,1
47,儿子,父亲,nouns,0,1,1,1,0,1,0,0,0,0,1
48,种子,芥末,nouns,0,0,1,2,2,0,0,0,0,0,1
49,猫,兔子,nouns,0,2,2,0,1,1,0,0,0,0,0
50,生物学家,显微镜,nouns,0,0,0,0,0,1,0,0,0,1,0
51,徽章,玻璃,nouns,0,0,0,1,0,0,0,0,0,0,0
52,流言蜚语,新闻,nouns,0,2,2,2,2,4,3,4,3,1,1
53,骰子,立方体,nouns,0,2,2,5,2,6,3,2,2,0,3
54,塔,钟,nouns,0,0,1,2,2,2,0,0,0,0,0
55,硬件,案件,nouns,0,0,0,0,0,2,0,0,0,0,0
56,天神,牧师,nouns,0,0,1,2,0,0,0,0,0,0,0
57,河,河谷,nouns,2,2,4,2,0,0,3,2,2,1,1
58,车,汽车,nouns,6,6,6,6,5,6,6,6,5,6,6
59,母亲,妻子,nouns,0,3,2,0,4,4,2,5,3,1,1
60,树木,枫树,nouns,5,5,5,4,4,6,5,3,3,2,5
61,米饭,男孩,nouns,0,0,0,0,0,0,0,0,0,0,0
62,家伙,帅哥,nouns,0,2,2,0,1,3,1,0,0,0,0
63,港口,包装纸,nouns,0,0,0,0,0,0,0,0,0,0,0
64,智力,逻辑,nouns,2,3,3,4,3,5,0,4,2,4,4
65,白天,早上,nouns,6,5,6,6,6,6,6,5,5,6,4
66,武器,头盔,nouns,0,1,2,0,0,0,0,0,0,0,0
67,修道院,洗澡,nouns,0,0,0,0,0,0,0,0,0,0,0
68,优胜者,存在,nouns,0,0,0,0,0,0,0,0,0,0,0
69,电视,电影,nouns,0,4,2,4,0,3,2,3,5,1,3
70,牛排,肉,nouns,5,4,5,3,4,6,3,3,5,3,4
71,活塞,发动机,nouns,0,3,2,0,0,3,0,1,1,2,1
72,病毒,血液,nouns,0,0,1,0,0,1,0,0,0,0,0
73,男人,哨兵,nouns,0,0,3,3,1,4,3,3,3,1,1
74,羊,羊肉,nouns,4,5,5,5,3,5,5,3,3,5,5
75,车,高速公路,nouns,0,1,0,0,0,0,0,0,0,0,0
76,耐力,强度,nouns,3,1,4,3,3,6,0,2,2,3,1
77,熵,信息,nouns,0,0,6,0,0,0,0,0,0,0,0
78,喧闹声,摇铃,nouns,0,2,0,2,3,0,2,1,0,1,0
79,钱,薪水,nouns,3,5,4,4,4,6,4,5,5,4,3
80,老师,帮手,nouns,0,0,1,2,2,3,1,0,0,0,0
81,作者,创造者,nouns,6,3,5,4,6,3,3,5,3,4,2
82,墙纸,背景,nouns,0,3,4,5,3,6,3,5,2,1,1
83,啤酒,香槟酒,nouns,5,2,0,3,4,2,2,3,2,1,3
84,能力,才能,nouns,5,6,6,4,5,6,6,4,6,2,6
85,手,手腕,nouns,0,4,1,3,2,2,3,2,2,1,2
86,章,选择,nouns,0,0,1,0,0,0,0,0,0,0,0
87,八月,月,nouns,3,5.5,1,3,2,1,3,3,2,1,3
88,课程,肚子,nouns,0,0,0,0,0,0,0,0,0,0,0
89,僧侣,十字架,nouns,0,0,0,2,0,0,0,0,0,0,0
90,星,明亮,nouns,0,0,0,2,0,0,0,0,0,1,0
91,视力,知觉,nouns,0,0,4,0,2,0,0,0,0,0,0
92,红酒,白兰地,nouns,1,3,3,3,4,5,2,3,2,1,3
93,房间,沐浴,nouns,0,0,0,1,0,0,0,0,0,0,0
94,过道,走廊,nouns,5,4,6,5,4,3,5,5,5,1,4
95,橙子,柑橘,nouns,5,5,6,3,4,6,0,2,0,3,2
96,教堂,合唱团,nouns,0,0,0,2,0,0,0,0,0,0,0
97,衣服,抽屉,nouns,0,0,0,0,0,0,0,0,0,1,0
98,白天,黎明,nouns,0,5,4,5,4,2,1,1,2,2,3
99,野兽,动物,nouns,0,4,5,4,5,5,3,3,4,4,2
100,广口瓶,瓶子,nouns,5,4,5,4,6,6,3,3,5,1,5
101,河流,大海,nouns,4,3,1,2,3,4,0,1,2,1,2
102,事实,洞察力,nouns,0,0,0,1,0,0,0,0,0,1,0
103,法庭,正义,nouns,0,0,0,0,0,6,0,0,0,3,1
104,过去,前情,nouns,4,5,5,4,4,4,4,5,4,3,3
105,全球化,签证,nouns,0,0,0,1,0,5,0,0,0,2,0
106,怪兽,恶魔,nouns,5,6,3,2,2,0,0,5,3,2,2
107,律师,银行家,nouns,0,2,0,0,0,0,0,0,0,0,0
108,勺子,杯子,nouns,0,1,0,0,0,0,0,0,0,0,0
109,秒,分钟,nouns,3,1,0,3,6,2,0,3,2,2,1
110,幸福,悲伤,nouns,0,0,0,0,0,0,0,0,0,0,0
111,星系,天文学家,nouns,0,0,0,0,0,1,0,0,0,1,0
112,工作者,相机,nouns,0,0,0,1,0,0,0,0,0,0,0
113,肾,器官,nouns,3,5,5,5,4,6,5,3,3,4,5
114,足球,英式足球,nouns,3,6,5,5,5,6,5,3,3,1,5
115,男人,女孩,nouns,0,0,0,2,0,0,0,0,0,0,1
116,男孩,哥哥,nouns,0,3,0,3,3,4,3,2,3,1,2
117,交换,替换,nouns,6,3,6,5,5,2,5,5,5,5,4
118,诗人,记者,nouns,0,0,0,0,0,0,0,0,0,0,0
119,剩余,差数,nouns,0,2,5,3,3,2,0,3,2,3,3
120,牛,山羊,nouns,0,2,0,0,0,1,0,0,0,1,1
121,议会,国会,nouns,0,3,3,3,4,3,0,5,3,2,4
122,有趣,足球,nouns,0,0,0,0,0,1,0,0,0,0,0
123,财富,贫困,nouns,0,0,0,0,0,0,0,0,0,0,0
124,出租车,公共汽车,nouns,2,2,3,4,4,0,0,2,1,3,2
125,酒,杜松子酒,nouns,5,3,5,4,4,6,3,3,3,2,3
126,心脏,手术,nouns,0,0,0,0,0,1,0,0,0,1,0
127,优雅,风格,nouns,0,2,4,3,2,0,2,2,3,1,1
128,家牛,牛肉,nouns,0,3,4,3,3,6,3,3,2,1,4
129,任务,高速公路,nouns,0,0,0,0,0,0,0,0,0,0,0
130,晚上,白天,nouns,0,0,0,0,0,0,0,0,0,0,0
131,容器,老鼠,nouns,0,0,0,0,0,0,0,0,0,0,0
132,游戏,戏法,nouns,0,3,0,0,2,2,0,0,0,0,0
133,家牛,酸奶,nouns,0,0,0,2,0,4,0,0,0,0,0
134,鸵鸟,果园,nouns,0,0,0,0,0,0,0,0,0,0,0
135,人,气球,nouns,0,0,0,0,0,0,0,0,0,0,0
136,门,厨房,nouns,0,0,0,0,0,0,0,0,0,0,0
137,商业,工业,nouns,0,3,0,1,4,0,0,0,0,1,1
138,污染,总统,nouns,0,0,0,0,0,0,0,0,0,0,0
139,海,海洋,nouns,6,5,6,6,6,6,6,6,6,6,6
140,教堂,电缆,nouns,0,0,0,0,0,0,0,0,0,0,0
141,衣服,纽扣,nouns,0,2,0,0,0,3,0,0,0,0,0
142,甲板,老鼠,nouns,0,0,0,0,0,0,0,0,0,0,0
143,否认,坦白,nouns,0,0,0,0,0,0,0,0,0,0,0
144,球,大炮,nouns,0,0,0,0,0,0,0,0,0,0,0
145,女孩,小孩,nouns,0,3,4,4,3,5,2,5,3,1,2
146,解剖学,生物学,nouns,0,4,4,4,5,0,0,3,3,4,2
147,乳制品,蜜糖,nouns,0,0,0,0,0,3,0,0,0,0,1
148,屋,谷仓,nouns,0,2,1,0,0,1,0,0,0,1,1
149,晚餐,汤,nouns,0,0,0,0,1,4,0,0,0,0,0
150,意外,大灾难,nouns,4,4,3,0,4,4,4,0,3,3,4
151,弯曲,角度,nouns,0,2,0,3,2,4,0,0,0,0,0
152,人物,人,nouns,0,5,5,4,6,3,4,6,5,5,4
153,篮球,棒球,nouns,0,1,0,2,0,3,0,0,0,0,1
154,象征,标志,nouns,5,5,4,5,6,5,6,5,5,4,5
155,国王,公主,nouns,0,0,0,0,0,0,0,0,0,0,0
156,情侣,一对,nouns,0,5,0,5,0,6,4,5,3,5,4
157,光线电话机,同音词,nouns,0,0,0,0,0,0,0,0,0,0,0
158,目标,箭头,nouns,0,0,1,0,2,2,0,0,0,2,1
159,神职人员,僧侣,nouns,0,2,5,3,3,4,0,3,3,2,3
160,学生,小学生,nouns,5,3,5,4,5,6,5,3,3,2,3
161,婴儿,女儿,nouns,3,1,1,2,3,5,3,5,2,2,3
162,苹果,酱,nouns,0,0,0,2,0,0,0,0,0,0,0
163,王子,国王,nouns,0,3,0,2,3,5,0,3,3,2,1
164,存在,门,nouns,0,0,0,0,0,0,0,0,0,0,0
165,床,沙发,nouns,0,3,0,0,0,4,0,0,0,2,0
166,喷泉,泉,nouns,5,3,4,2,4,6,5,3,3,3,4
167,数字,数,nouns,3,5,4,3,6,5,5,5,5,5,4
168,主题标签,主题,nouns,4,5,2,3,3,3,0,3,4,3,3
169,自信,自己,nouns,0,0,0,2,0,3,0,0,0,1,0
170,医生,正牙医生,nouns,0,5,5,4,3,5,5,3,3,3,3
171,监狱,选择,nouns,0,0,0,0,0,1,0,0,0,0,0
172,汽车,电梯,nouns,0,0,0,0,0,0,0,0,0,0,0
173,相机,总统,nouns,0,0,0,0,0,0,0,0,0,0,0
174,感染,词性变化,nouns,0,0,0,0,0,0,0,0,0,0,0
175,幼苗,叶,nouns,0,0,4,2,1,1,0,0,0,1,0
176,电容器,二极管,nouns,0,2,0,0,0,1,0,0,0,1,0
177,球拍,球,nouns,0,1,0,2,0,1,0,0,0,0,0
178,纸,硬纸板,nouns,0,3,4,3,3,3,5,3,4,1,4
179,恶魔,天使,nouns,0,1,0,2,0,0,0,0,0,0,0
180,床,椅子,nouns,0,1,0,0,0,1,0,0,0,2,0
181,金,锌,nouns,0,1,0,2,0,6,0,0,0,0,0
182,幼儿床,摇床,nouns,5,4,3,2,4,5,0,3,2,2,3
183,子程序,编译器,nouns,0,0,0,3,1,4,0,0,0,0,0
184,爸爸,母亲,nouns,0,0,0,2,0,0,0,0,0,3,1
185,乐队,游行,nouns,0,0,0,0,2,2,0,0,0,0,0
186,疾病,传染,nouns,0,2,0,4,0,4,0,0,0,3,0
187,身体,肚子,nouns,0,0,0,2,2,4,0,3,3,3,2
188,猫,宠物,nouns,0,3,4,4,1,6,4,5,5,2,3
189,容器,静脉,nouns,0,0,0,0,0,0,0,0,0,0,0
190,母亲,监护人,nouns,3,0,4,1,0,4,3,6,5,3,3
191,旗帜学,旗,nouns,0,2,0,3,0,1,0,0,0,2,0
192,感觉,直觉,nouns,5,4,5,3,2,6,3,3,4,5,5
193,原子,碳,nouns,0,0,0,0,2,2,0,0,0,1,0
194,歌剧,电影,nouns,0,1,3,2,0,4,0,0,0,0,0
195,圣歌,稻草,nouns,0,0,0,0,0,0,0,0,0,0,0
196,逻辑,算术,nouns,0,0,4,2,4,3,0,3,3,1,3
197,矩阵,向量,nouns,0,4,4,0,3,1,0,0,0,0,0
198,苹果,阳光,nouns,0,0,0,2,0,0,0,0,0,0,0
199,裁判官,法官,nouns,4,4,5,3,2,5,0,3,3,4,6
200,指甲,拇指,nouns,0,0,0,2,0,3,0,0,0,0,0
201,元,百万富翁,nouns,0,0,0,0,0,0,0,0,0,0,0
202,作业,任务,nouns,4,3,4,2,2,4,0,3,3,2,1
203,雕塑,雕像,nouns,5,5,6,5,6,6,6,6,3,5,6
204,工人,机械师,nouns,2,3,4,1,3,3,0,3,3,3,1
205,主意,方案,nouns,0,5,4,3,5,3,3,5,0,2,2
206,蛋白质,柄,nouns,0,0,0,0,0,0,0,0,0,0,0
207,航空电子学,航空学,nouns,0,4,4,4,3,4,3,2,3,3,4
208,米,码,nouns,0,0,2,3,6,5,0,3,3,1,2
209,衣服,布,nouns,0,4,3,3,1,3,0,2,5,1,4
210,大主教,主教,nouns,5,5,5,3,4,4,5,3,3,5,5
211,峡谷,山谷,nouns,5,5,5,3,3,4,5,3,4,3,5
212,花,灌木,nouns,0,2,0,2,0,2,0,0,0,1,0
213,排外主义,种族主义,nouns,3,2,1,3,3,6,3,3,3,4,4
214,床,幼儿床,nouns,0,3,5,3,6,5,3,3,3,0,3
215,枪,刀,nouns,0,1,0,3,3,4,0,2,3,4,3
216,暴风雨,飓风,nouns,5,2,4,3,2,4,0,1,3,2,3
217,主机板,主板,nouns,0,6,6,2,3,2,0,6,4,4,3
218,病理学,血液学,nouns,2,1,0,1,3,4,0,3,5,3,2
219,天空,宇宙,nouns,0,4,0,3,3,0,4,3,3,4,3
220,男人,丈夫,nouns,0,2,3,4,3,6,3,4,5,1,2
221,海报,纸,nouns,0,1,1,3,2,3,3,3,2,1,2
222,文章,杂志,nouns,0,3,0,3,3,4,2,3,3,1,1
223,高度,换算,nouns,0,0,0,0,0,1,0,0,0,0,0
224,亿万富翁,无家可归,nouns,0,0,0,0,0,0,0,0,0,0,0
225,米饭,豆,nouns,0,0,0,1,0,4,0,0,0,0,0
226,椅子,长凳,nouns,3,4,4,3,6,5,4,4,3,1,4
227,努力,困难,nouns,0,1,0,0,0,1,0,0,0,0,0
228,嘴巴,牙齿,nouns,0,1,0,2,0,3,0,0,0,1,0
229,后缀,词缀,nouns,0,2,4,1,2,3,3,5,3,2,2
230,鸟,火鸡,nouns,0,2,5,2,3,2,0,0,0,1,2
231,日历,假日,nouns,0,1,0,1,0,1,0,0,0,3,0
232,偏见,沙文主义,nouns,0,3,1,1,2,4,0,0,0,0,2
233,自行车,卧室,nouns,0,0,0,0,0,0,0,0,0,0,0
234,幸福,和平,nouns,2,2,3,3,2,6,0,3,1,2,1
235,沙发,椅子,nouns,1,2,4,2,3,4,0,3,1,1,3
236,衣服,壁橱,nouns,0,2,0,1,3,0,0,0,0,0,0
237,父亲,天神,nouns,0,0,0,1,0,0,0,0,0,0,0
238,污染,大气层,nouns,0,1,0,0,0,1,0,0,0,0,0
239,维他命,铁,nouns,0,1,0,2,0,6,0,0,0,0,0
240,房间,单身牢房,nouns,1,1,4,1,6,4,0,3,1,1,3
241,学校,法律,nouns,0,0,0,0,0,4,0,0,0,0,0
242,皇帝,州长,nouns,0,0,0,0,0,3,0,0,0,0,0
243,晚餐,早餐,nouns,0,2,0,1,0,5,0,0,0,0,1
244,声学,声音,nouns,3,2,0,2,1,0,0,0,0,1,2
245,公主,饼干,nouns,0,0,0,0,0,0,0,0,0,0,0
246,化学,理论,nouns,0,2,3,0,2,1,0,0,0,0,0
247,交流,电视,nouns,0,0,0,0,0,0,0,0,0,0,0
248,雪,冰,nouns,0,3,4,4,6,4,0,3,0,1,3
249,书,主题,nouns,2,2,2,3,1,3,2,2,2,1,2
250,石,木,nouns,0,0,0,1,0,0,0,0,0,0,0
251,餐,晚饭,nouns,0,4,5,3,6,4,0,3,3,1,3
252,公国,亲王国,nouns,0,4,6,2,0,1,0,0,0,1,2
253,陶瓷,陶艺,nouns,3,5,0,3,3,5,0,2,0,3,2
254,磨坊,种子,nouns,0,0,0,0,0,2,0,0,0,0,0
255,字母,钢笔,nouns,0,0,0,0,0,0,0,0,0,0,0
256,司机,飞行员,nouns,0,2,2,1,4,5,0,0,0,2,0
257,晚上,章节,nouns,0,0,0,0,0,0,0,0,0,0,0
258,天气,波浪,nouns,0,0,0,1,0,0,0,0,0,0,0
259,钱,珍珠,nouns,0,0,0,0,0,0,0,0,0,0,0
260,洗手间,卧室,nouns,0,1,0,1,0,2,0,0,0,0,0
261,骨头,踝,nouns,0,0,0,0,3,1,0,0,0,1,0
262,行星,星星,nouns,3,4,4,3,4,6,0,3,3,3,3
263,风尚,时装,nouns,5,4,2,3,0,2,0,3,3,3,2
264,街,小巷,nouns,3,4,5,3,3,6,0,3,3,3,3
265,注意,意识,nouns,3,2,4,3,2,2,0,4,3,4,3
266,舌头,喉,nouns,0,3,0,2,0,2,0,0,0,2,0
267,恐龙,大象,nouns,0,0,0,1,0,1,0,0,0,0,0
268,意外,紧急情况,nouns,3,5,3,3,6,6,4,5,0,4,5
269,旅程,征服,nouns,0,0,0,2,2,0,0,0,0,1,0
270,任务,工作,nouns,5,4,2,3,6,4,3,4,3,1,2
271,男子,父亲,nouns,0,3,2,3,3,3,3,3,5,1,1
272,女人,男人,nouns,0,0,0,2,0,2,0,0,0,0,0
273,床,卧室,nouns,0,2,0,2,0,4,0,0,0,0,0
274,海滩,暗礁,nouns,0,2,0,0,0,0,0,0,0,0,0
275,海滩,海岸,nouns,3,5,4,3,2,2,2,3,2,4,3
276,网球,统计资料,nouns,0,0,0,0,0,0,0,0,0,0,0
277,器官,肝脏,nouns,0,3,3,2,0,6,5,3,3,1,3
278,财富,名誉,nouns,0,3,1,3,2,2,0,0,0,0,0
279,价值,价格,nouns,4,3,3,3,4,6,4,5,3,3,3
280,内衣褲,身体,nouns,0,0,0,0,0,0,0,0,0,0,0
281,狀師,律师,nouns,4,0,6,3,0,6,0,3,3,5,4
282,乙酰胆碱,鸢尾花,nouns,0,0,0,0,0,0,0,0,0,0,0
283,湖,沼泽,nouns,0,1,0,1,0,1,0,0,0,1,1
284,灯,精灵,nouns,0,0,0,0,0,0,0,0,0,0,0
285,仆人,奴隶,nouns,3,4,2,2,4,4,3,5,3,4,3
286,海军,军队,nouns,4,5,5,2,2,5,4,3,6,2,4
287,下面,侧面,nouns,0,1,0,1,0,0,0,0,0,0,0
288,盒子,帽子,nouns,0,0,0,0,0,0,0,0,0,0,0
289,分子,原子,nouns,3,3,5,2,1,5,0,3,3,1,1
290,手,拇指,nouns,0,0,0,2,0,1,0,0,0,1,0
291,老师,拉比,nouns,0,0,5,0,0,0,0,0,0,0,3
292,湖,云,nouns,0,0,0,1,0,0,0,0,0,0,0
293,男孩,孩子,nouns,2,3,5,3,2,6,4,3,3,3,3
294,电脑,机器,nouns,0,3,2,3,2,6,0,5,5,1,3
295,洞,妻子,nouns,0,0,0,1,0,6,0,0,0,0,0
296,学校,年级,nouns,0,2,0,2,0,4,0,1,1,1,1
297,苍蝇,蚂蚁,nouns,0,3,0,2,0,1,0,0,0,0,1
298,衣服,上衣,nouns,3,6,5,4,5,6,3,3,3,4,4
299,血液,骨髓,nouns,0,1,0,0,0,3,0,0,0,0,0
300,痛苦,悲痛,nouns,5,5,6,5,4,5,5,4,5,5,5
301,定理,理论,nouns,4,5,6,5,6,3,0,5,4,3,2
302,苹果,糖果,nouns,0,0,0,0,0,1,0,0,0,0,0
303,木,纸,nouns,0,3,0,0,0,2,0,0,0,0,0
304,讨论,争论,nouns,4,4,5,3,3,4,2,3,4,5,3
305,鸡,牛扒,nouns,0,0,0,0,0,2,0,0,0,0,0
306,兄弟会,门,nouns,0,0,0,0,0,0,0,0,0,0,0
307,房间,床,nouns,0,0,0,1,0,0,0,0,0,0,0
308,联合,总和,nouns,0,2,0,1,2,0,0,0,0,2,0
309,酒,鸡尾酒,nouns,4,5,5,3,2,6,3,3,3,1,3
310,费用,薪水,nouns,0,3,0,0,2,2,0,0,0,3,0
311,姊妹,兄弟,nouns,2,2,0,2,3,6,0,1,2,4,1
312,台风,气旋,nouns,2,5,4,3,2,5,4,4,2,1,3
313,作家,礼物,nouns,0,0,0,0,0,0,0,0,0,0,0
314,山,窗台,nouns,0,0,0,0,0,0,0,0,0,0,0
315,瓶子,容器,nouns,3,3,4,3,2,4,4,3,2,1,3
316,碗,尾巴,nouns,0,0,0,0,0,0,0,0,0,0,0
317,小炮舰,海岸,nouns,0,0,0,1,0,0,0,0,0,0,0
318,裙子,手表,nouns,0,0,0,0,0,0,0,0,0,0,0
319,水,盐,nouns,0,1,0,2,0,1,0,0,0,0,0
320,人口,人,nouns,0,2,5,3,3,4,0,3,2,4,2
321,詞,页,nouns,0,0,0,0,0,0,0,0,0,0,0
322,便条,作业,nouns,0,0,0,0,0,5,0,0,0,0,0
323,领导,经理,nouns,0,3,3,2,2,1,3,3,2,2,1
324,针织套衫,外套,nouns,0,3,4,3,2,5,3,5,4,3,2
325,鼻子,头,nouns,0,0,0,1,0,1,0,0,0,0,0
326,游戏,行动,nouns,0,0,0,0,0,0,0,0,0,0,0
327,电线,软线,nouns,0,0,1,2,2,4,2,0,1,0,1
328,头脑风暴,望远镜,nouns,0,0,0,0,0,0,0,0,0,0,0
329,组合,联合,nouns,0,3,3,5,0,5,3,4,2,2,1
330,女演员,演员,nouns,0,4,5,4,2,6,3,3,6,1,3
331,拉比,部长,nouns,0,0,0,0,0,1,0,0,0,0,0
332,伙伴,伴侣,nouns,0,4,3,3,1,3,0,3,5,5,3
333,创造者,制作者,nouns,0,3,4,2,3,6,4,3,5,5,3
334,床,毯子,nouns,0,0,0,1,0,0,0,0,0,0,0
335,树枝,手臂,nouns,0,0,0,0,0,1,0,0,0,0,0
336,徽章,尊严,nouns,0,0,0,0,0,0,0,0,0,0,0
337,飞机,喷气式飞机,nouns,0,5,5,3,6,6,3,3,2,2,4
338,男人,胜利者,nouns,0,0,0,0,0,4,0,0,0,0,0
339,菠萝,手机,nouns,0,0,0,0,0,0,0,0,0,0,0
340,碟,碗,nouns,0,4,0,2,2,4,0,1,3,3,1
341,草,苔藓,nouns,0,3,0,2,1,6,0,3,1,1,1
342,共和国,公爵,nouns,0,0,0,0,0,0,0,0,0,0,0
343,牛奶,果汁,nouns,0,2,0,2,0,3,0,0,0,0,0
344,老师,教练,nouns,0,3,3,3,2,5,0,3,2,3,1
345,裙带关系,国王,nouns,0,0,0,0,0,4,0,0,0,0,0
346,鸟,鹰,nouns,0,3,5,3,2,5,0,1,0,1,3
347,谷,凹地,nouns,0,0,6,3,0,5,0,5,3,2,3
348,机器,发动机,nouns,0,0,4,3,2,5,3,3,5,1,1
349,人,一分钱,nouns,0,0,0,0,0,0,0,0,0,0,0
350,工作者,办公室,nouns,0,0,0,0,0,4,0,0,0,0,0
351,密码,标志,nouns,0,0,0,0,0,1,0,0,0,0,0
352,公寓,家具,nouns,0,0,0,1,0,0,0,0,0,0,0
353,盒子,雪茄,nouns,0,0,0,1,0,0,0,0,0,0,0
354,沙漠,沙丘,nouns,3,3,3,3,3,4,0,5,2,2,3
355,柠檬,茶,nouns,0,0,0,1,0,0,0,0,0,0,0
356,橡木,枫木,nouns,3,4,0,3,2,5,0,3,2,1,3
357,长笛,音乐,nouns,0,3,0,3,0,3,0,1,0,1,1
358,钱,现金,nouns,3,6,6,3,6,6,2,3,3,3,4
359,眉头,眼睛,nouns,0,0,0,1,2,1,0,0,0,2,0
360,存款,储蓄者,nouns,0,2,0,0,0,2,0,0,0,0,0
361,臀部,唇,nouns,0,0,0,0,0,0,0,0,0,0,0
362,岩浆,火山,nouns,0,3,0,2,0,0,0,5,4,2,1
363,烟斗,雪茄,nouns,0,3,0,3,2,4,0,5,1,1,1
364,人类学,考古学,nouns,0,0,0,4,2,2,0,0,0,0,2
365,小山,悬崖,nouns,0,4,0,1,0,0,0,0,0,0,0
366,游戏,乐趣,nouns,0,1,0,0,0,2,0,0,0,2,0
367,深度,大小,nouns,0,1,2,1,0,4,0,0,0,1,0
368,兄弟,灵魂,nouns,0,0,0,0,0,0,0,0,0,0,0
369,偏压,意见,nouns,0,0,2,1,0,0,0,0,0,0,0
370,节奏,旋律,nouns,5,3,6,4,2,5,2,6,3,3,1
371,公式,日志,nouns,0,0,0,0,0,0,0,0,0,0,0
372,主教,穆斯林,nouns,0,2,0,0,0,6,0,0,0,0,0
373,衣服,外套,nouns,4,4,5,4,4,0,3,3,3,3,3
374,鼻子,嘴巴,nouns,0,0,0,1,0,0,0,0,0,0,0
375,纱,线,nouns,0,2,0,2,0,3,2,3,3,0,1
376,高速公路,路,nouns,4,4,5,4,2,6,3,3,3,2,5
377,农药,虫害,nouns,0,0,0,3,0,1,0,0,0,0,0
378,杯子,罐子,nouns,3,4,0,1,2,4,0,3,1,1,3
379,街,汽车,nouns,0,0,0,0,0,3,0,0,0,0,0
380,队长,水手,nouns,0,0,0,0,1,0,0,0,0,0,0
381,理论,假设,nouns,3,3,0,3,2,0,0,1,0,0,1
382,正牙医生,牙医,nouns,4,6,5,4,4,6,4,3,3,4,2
383,充电器,磁盘,nouns,0,0,0,1,0,0,0,0,0,0,0
384,脸颊,舌头,nouns,0,0,0,0,0,0,0,0,0,0,0
385,士兵,和平,nouns,0,0,0,1,0,0,0,0,0,0,0
386,电影,剧院,nouns,4,5,0,2,2,4,0,0,0,3,1
387,癌症,疾病,nouns,4,5,4,5,2,5,4,3,5,1,5
388,俱乐部,社会,nouns,0,0,0,0,0,0,0,0,0,0,0
389,态度,自信,nouns,2,0,0,1,1,3,2,3,0,1,1
390,自行车,皮肤,nouns,0,0,0,0,0,0,0,0,0,0,0
391,犯罪,攻击,nouns,0,2,0,2,3,3,0,0,0,0,0
392,尾巴,后部,nouns,3,3,2,3,3,5,0,5,5,2,1
393,军士,枪,nouns,0,0,0,0,0,2,0,0,0,0,0
394,洞,协议,nouns,0,0,0,0,0,0,0,0,0,0,0
395,儿童,男孩,nouns,0,3,4,3,2,5,4,3,4,3,3
396,头,指甲,nouns,0,0,0,0,0,0,0,0,0,0,0
397,书,文章,nouns,4,2,4,4,2,3,3,4,4,3,4
398,书,正文,nouns,4,2,2,3,1,5,0,4,2,2,3
399,圣经,圣歌,nouns,5,2,0,3,2,4,0,3,3,0,3
400,妻子,稻草,nouns,0,0,0,0,0,2,0,0,0,0,0
401,吵闹,喧闹声,nouns,5,6,5,4,6,3,3,5,4,3,3
402,半学年,学期,nouns,0,4,4,5,3,4,3,3,5,3,5
403,任务,稻草,nouns,0,0,0,0,0,0,0,0,0,0,0
404,草,刀口,nouns,0,0,0,0,0,0,0,0,0,0,0
405,床,家俱,nouns,1,4,5,3,3,5,3,5,4,3,3
406,吉他,鼓,nouns,0,1,0,1,0,2,0,0,0,0,0
407,飞机场,片,nouns,0,0,0,0,0,0,0,0,0,0,0
408,花朵,灯泡,nouns,0,0,0,0,0,0,0,0,0,0,0
409,图表,图解,nouns,3,3,3,3,2,2,4,5,2,5,3
410,割礼,包皮,nouns,0,0,0,0,0,4,0,0,0,3,0
411,油,貂,nouns,0,0,0,0,0,0,0,0,0,0,0
412,成年人,婴儿,nouns,0,0,0,1,0,4,0,0,0,0,1
413,法官,法庭,nouns,0,0,0,1,0,4,0,0,0,4,0
414,犯罪,违反,nouns,4,4,3,5,3,3,3,3,3,5,2
415,威士忌酒,香槟,nouns,3,3,0,4,2,5,3,3,1,0,3
416,手册,指南,nouns,0,5,4,4,2,3,0,2,2,5,4
417,意外,书,nouns,0,0,0,0,0,0,0,0,0,0,0
418,锡,金属,nouns,3,4,5,4,2,4,0,3,2,1,2
419,模式,时装,nouns,0,0,0,0,0,0,0,0,0,0,1
420,大灾变,火,nouns,0,0,0,1,0,5,0,0,0,1,2
421,键盘,光,nouns,0,0,0,1,0,0,0,0,0,0,0
422,哥哥,儿子,nouns,0,0,0,0,1,4,0,2,0,0,1
423,工作者,雇主,nouns,0,0,0,2,0,1,0,0,0,0,0
424,预热,再热,nouns,0,2,0,2,0,1,0,0,0,0,2
425,章,尾巴,nouns,0,0,0,0,0,0,0,0,0,0,0
426,死亡,灾难,nouns,3,2,0,3,1,4,3,5,1,1,2
427,墙壁,装饰,nouns,0,0,0,2,0,5,0,0,0,0,0
428,大气层,臭氧,nouns,3,3,5,2,2,2,2,3,3,1,3
429,酒,乐队,nouns,0,0,0,0,0,0,0,0,0,0,0
430,意志,意图,nouns,0,1,2,0,0,3,0,0,0,2,1
431,现实,幻想,nouns,5,4,4,5,5,5,5,5,5,4,4
432,电动机,船,nouns,0,0,0,1,1,1,0,0,0,0,0
433,分解,因式分解,nouns,0,3,5,2,2,5,3,3,3,1,2
434,钟,门,nouns,0,0,0,0,0,0,0,0,0,0,0
435,面具,派对,nouns,0,0,0,2,0,0,0,0,0,0,0
436,海滩,岛,nouns,3,0,0,3,1,3,0,1,1,1,1
437,大厦,雕塑家,nouns,0,0,0,0,0,0,0,0,0,0,0
438,应用,星系,nouns,0,0,0,0,0,0,0,0,0,0,0
439,死亡,悲剧,nouns,0,2,2,3,1,5,0,5,4,1,2
440,电,案件,nouns,0,0,0,0,0,1,0,0,0,0,0
441,书,圣经,nouns,0,3,4,3,3,3,0,3,3,3,1
442,铅笔,故事,nouns,0,0,0,0,0,3,0,0,0,0,0
443,云,窗口,nouns,0,0,0,0,0,0,0,0,0,0,0
444,干旱,水,nouns,0,0,0,1,0,0,0,0,0,0,0
445,硬币,付款,nouns,2,2,0,2,0,1,0,3,0,1,1
446,导演,摄影,nouns,3,2,0,0,1,3,0,0,1,1,2
447,花朵,紫罗兰,nouns,3,5,5,4,2,4,3,3,3,1,5
448,表哥,叔叔,nouns,2,0,0,0,0,0,0,0,0,1,1
449,重新安葬,坟墓,nouns,0,1,0,1,2,2,0,0,0,1,0
450,歌曲,演员,nouns,0,0,0,1,0,3,0,0,0,0,0
451,警察,政治家,nouns,0,0,0,0,0,1,0,0,0,0,0
452,水平,得分,nouns,0,0,0,0,3,4,0,0,0,1,0
453,价值观,信念,nouns,0,2,6,3,4,5,5,5,3,3,3
454,规则,惯例,nouns,4,1,4,3,3,2,2,2,3,2,2
455,蔗糖,糖类,nouns,0,6,5,4,2,4,3,3,5,4,1
456,日落,傍晚,nouns,2,6,6,5,6,6,6,6,6,5,4
457,审判,判决书,nouns,0,3,0,2,2,3,0,0,2,5,2
458,荣誉,敬重,nouns,0,0,0,0,0,4,0,0,0,3,0
459,飞机,机场,nouns,0,3,0,1,1,4,0,0,0,1,2
460,暴风雪,雨,nouns,0,3,0,2,0,2,0,0,0,0,1
461,破产,失败,nouns,0,1,1,1,0,4,0,0,0,1,2
462,盒子,小亭,nouns,0,0,0,0,0,0,0,0,0,0,0
463,任务,女人,nouns,0,0,0,0,0,0,0,0,0,0,0
464,证明,事实,nouns,0,0,0,1,4,4,0,0,0,0,0
465,教练,播放机,nouns,0,0,0,0,0,0,0,0,0,0,0
466,肝,肺,nouns,0,2,0,1,0,4,0,0,0,0,0
467,喉咙,鼻子,nouns,0,0,0,0,0,1,0,0,0,1,0
468,汽车旅馆,小旅馆,nouns,4,3,5,4,4,5,0,4,4,1,4
469,锅,器具,nouns,3,0,4,4,3,3,3,3,2,1,1
470,吉他,小提琴,nouns,0,1,0,1,0,5,0,0,0,0,0
471,力量,威力,nouns,4,0,3,5,2,5,0,3,5,4,4
472,争论,协议,nouns,0,0,0,2,0,0,0,0,0,3,0
473,神,猎物,nouns,0,0,0,0,0,0,0,0,0,0,0
474,王座,剑,nouns,0,0,0,1,0,4,0,0,0,0,0
475,艺术品,艺术家,nouns,0,2,0,0,0,4,0,0,0,1,2
476,一分钱,尺寸,nouns,0,0,0,0,0,0,0,0,0,0,0
477,薄荷,博物馆,nouns,0,0,0,0,0,0,0,0,0,0,0
478,打,陷害,nouns,0,0,0,0,0,1,0,0,0,0,0
479,鸟,母鸡,nouns,3,2,4,1,2,3,0,0,0,1,2
480,枪,大炮,nouns,2,3,0,3,2,5,0,2,0,1,1
481,三角洲,海,nouns,0,2,0,0,0,0,0,0,0,0,1
482,霸权,全能,nouns,0,0,3,0,2,0,0,0,0,2,0
483,周末,种族,nouns,0,0,0,0,0,0,0,0,0,0,0
484,蟋蟀,支持者,nouns,0,0,0,0,0,0,0,0,0,0,0
485,苏丹,部,nouns,0,0,0,0,0,0,0,0,0,0,0
486,教学大纲,考试,nouns,0,0,0,2,0,2,0,0,0,2,0
487,犯罪,诈骗,nouns,0,4,4,3,2,4,4,3,4,1,2
488,雇主,员工,nouns,0,0,0,0,0,0,0,0,0,0,0
489,玻璃,水晶,nouns,0,0,0,1,1,5,0,0,0,2,1
490,汽车,软管,nouns,0,0,0,0,0,1,0,0,0,0,0
491,地板,天花板,nouns,0,0,0,1,0,0,0,0,0,0,0
492,骨头,颚,nouns,2,3,0,1,3,1,0,2,3,1,2
493,细胞质,数字,nouns,0,0,0,0,0,0,0,0,0,0,0
494,缺口,开口,nouns,4,5,4,5,4,4,2,3,2,4,4
495,剧院,电池,nouns,0,0,0,0,0,0,0,0,0,0,0
496,酒,红酒,nouns,4,5,5,5,3,3,3,3,3,2,5
497,死亡,葬礼,nouns,0,0,0,1,0,3,0,0,0,1,0
498,木炭,煤,nouns,3,0,0,2,6,2,0,3,3,2,2
499,身体,胸部,nouns,0,0,4,3,2,2,3,2,2,1,3
500,才能,能力,nouns,4,3,5,5,5,5,3,4,4,3,5
501,新教,基督教,nouns,5,1,6,2,2,4,0,3,1,5,3
502,屋,地毯,nouns,0,0,0,1,0,0,0,0,0,0,0
503,故障,系统,nouns,0,0,0,0,0,0,0,0,0,0,0
504,电动机,发动机,nouns,0,3,2,4,2,3,3,3,3,2,2
505,检察官,律师,nouns,3,3,4,1,1,3,0,0,1,0,1
506,危险,威胁,nouns,5,5,5,4,4,5,4,2,2,1,4
507,字,字典,nouns,0,0,0,2,0,2,0,1,0,0,0
508,小牛,公牛,nouns,3,3,4,4,2,4,3,3,5,1,3
509,沐浴,妻子,nouns,0,0,0,0,0,0,0,0,0,0,0
510,钩针编织,制服,nouns,0,0,0,2,0,3,0,0,0,0,0
511,信念,花,nouns,0,0,0,0,0,1,0,0,0,1,0
512,母鸡,火鸡,nouns,0,3,3,4,2,3,0,4,3,0,3
513,根,草,nouns,0,1,0,3,0,0,0,0,0,0,0
514,智力,洞察力,nouns,4,1,0,3,3,2,2,2,5,1,3
515,大自然,植物群,nouns,3,3,0,5,3,3,0,1,0,0,2
516,闪电攻击,攻击,nouns,5,6,5,3,3,1,3,3,5,2,2
517,酒,白兰地酒,nouns,3,5,5,5,2,5,3,3,3,1,5
518,蝴蝶,玫瑰,nouns,0,0,0,0,0,6,0,0,0,0,0
519,豆,咖啡,nouns,0,1,0,2,0,1,0,0,0,0,0
520,肥料,发展,nouns,0,0,2,2,0,0,0,0,0,2,0
521,球,球状物,nouns,3,6,4,4,2,4,3,5,5,5,3
522,历史学家,史学家,nouns,5,6,6,5,6,5,6,6,4,6,6
523,圣歌,征服,nouns,0,0,0,0,0,0,0,0,0,0,0
524,酒,威士忌酒,nouns,3,4,5,5,2,5,3,3,4,1,5
525,基质,分子,nouns,0,3,1,2,1,0,0,0,0,2,0
526,云,薄雾,nouns,3,1,3,3,3,4,2,2,5,4,2
527,蝙蝠,吸血鬼,nouns,0,2,0,0,0,2,0,0,0,1,1
528,选择,选举,nouns,4,4,4,2,2,1,3,1,6,2,1
529,牛肉,肉,nouns,2,6,5,4,2,5,3,3,3,4,3
530,情人,伴侣,nouns,3,4,6,5,6,5,6,5,6,6,5
531,大夫,医生,nouns,0,6,6,5,6,3,6,6,6,4,5
532,旅程,旅行,nouns,4,5,4,5,6,3,2,5,2,4,5
533,情绪,激情,nouns,2,5,5,4,2,3,3,3,4,3,1
534,医生,脾气,nouns,0,0,0,0,0,0,0,0,0,0,0
535,拓扑,结构,nouns,0,0,0,0,0,0,0,0,0,0,0
536,病人,复诊,nouns,0,0,0,0,0,2,0,0,0,2,0
537,旗,杆,nouns,2,3,0,1,1,1,0,0,0,5,1
538,韵律,韵律,nouns,5,4,4,4,4,3,5,5,3,3,4
539,选举权,出口,nouns,0,0,0,0,1,1,0,0,0,2,0
540,书,手稿,nouns,0,1,0,1,1,5,0,0,0,2,1
541,无知,智力,nouns,0,0,0,0,0,0,0,0,0,0,0
542,培根,豆,nouns,0,0,0,0,0,0,0,0,0,0,0
543,大学,班级,nouns,0,0,0,0,0,2,0,0,0,0,0
544,聚酯纤维,棉,nouns,0,2,5,0,4,0,0,0,0,0,0
545,流感,发热,nouns,1,3,4,1,2,2,0,3,4,1,2
546,手臂,肩膀,nouns,0,0,0,1,0,0,0,0,0,2,0
547,元,人,nouns,0,0,0,0,0,0,0,0,0,0,0
548,财富,声望,nouns,0,0,0,1,0,5,0,0,0,1,0
549,牛,家牛,nouns,4,6,5,3,3,3,3,3,3,3,3
550,马,母马,nouns,3,6,5,4,3,4,3,3,3,2,3
551,出口,门口,nouns,3,3,4,3,4,3,2,5,5,4,4
552,突变体,社会生物学,nouns,0,0,0,2,0,1,0,0,0,2,0
553,锤,牙,nouns,0,0,0,0,0,0,0,0,0,0,0
554,罪犯,犯罪者,nouns,5,6,6,6,6,4,0,6,5,4,5
555,传统,手工业,nouns,0,5,0,2,3,3,0,3,5,1,2
556,家长,成年人,nouns,2,4,4,3,2,5,3,3,5,1,3
557,智力,技巧,nouns,0,0,4,3,4,5,0,3,4,2,2
558,字,线索,nouns,0,0,2,0,0,0,0,0,0,0,0
559,赢家,目标,nouns,0,0,0,0,0,0,0,0,0,0,0
560,宗教,世俗主义,nouns,0,0,0,0,0,0,0,0,0,0,0
561,教堂,马赛克,nouns,0,0,0,0,0,0,0,0,0,0,0
562,戏法,尺寸,nouns,0,0,0,0,0,0,0,0,0,0,0
563,外交,谈判,nouns,3,3,1,2,5,3,0,0,0,2,1
564,飑,风,nouns,2,3,4,1,2,3,3,5,3,2,3
565,教室,走廊,nouns,0,0,0,0,0,3,0,0,0,0,0
566,地区,地带,nouns,3,6,6,3,6,3,5,5,4,5,5
567,小巷,碗,nouns,0,0,0,0,0,0,0,0,0,0,0
568,锡,铝,nouns,0,2,0,1,0,0,0,0,0,5,0
569,异族,外国人,nouns,4,5,3,4,4,4,0,3,5,5,4
570,奖学金,学费,nouns,0,1,0,1,0,5,0,0,0,1,0
571,农业,单种栽培,nouns,0,2,0,1,4,5,0,0,0,1,0
572,花朵,忍耐力,nouns,0,0,0,0,0,5,0,0,0,0,0
573,手指,手掌,nouns,0,0,0,3,2,3,0,3,5,1,3
574,智慧,智力,nouns,4,5,5,6,4,3,0,5,4,4,3
575,烟草,香烟,nouns,4,6,5,4,4,5,6,5,5,5,4
576,茅屋,小木屋,nouns,2,6,0,2,2,3,0,5,5,4,1
577,老鹰,猎鹰,nouns,3,6,4,5,2,3,0,3,0,4,5
578,作曲家,作家,nouns,5,0,2,0,2,3,3,3,5,4,1
579,疾病,发炎,nouns,3,4,4,3,3,3,3,3,3,2,1
580,速度,邮件,nouns,0,0,0,0,0,0,0,0,0,0,0
581,副驾驶,座舱,nouns,0,3,0,1,0,3,0,0,0,0,0
582,叔叔,阿姨,nouns,0,0,0,2,0,1,0,0,0,4,0
583,底部,基底,nouns,4,6,4,3,3,4,0,3,5,2,2
584,学院,职业,nouns,0,0,0,1,0,0,0,0,0,0,0
585,骨头,肘,nouns,0,0,0,1,0,0,0,0,0,1,1
586,操纵杆,雷达,nouns,0,0,0,0,0,1,0,0,0,0,0
587,手臂,静脉,nouns,0,0,0,1,0,0,0,0,0,0,0
588,下面,上面,nouns,0,0,0,1,0,0,0,0,0,0,0
589,便士,便宜货,nouns,0,0,0,0,0,1,0,0,0,0,0
590,海军,岛,nouns,0,0,0,0,0,1,0,0,0,0,0
591,工具,工作,nouns,0,0,0,0,0,4,0,0,0,0,0
592,约定,订婚,nouns,2,0,4,2,2,2,0,5,3,2,2
593,北方,西方,nouns,0,0,0,1,0,1,0,0,0,0,0
594,学生,教授,nouns,0,0,0,2,0,1,0,0,0,0,0
595,罪人,圣人,nouns,0,0,0,1,0,0,0,0,0,0,0
596,球,篮子,nouns,0,0,0,0,0,1,0,0,0,0,0
597,心情,情感,nouns,2,3,5,4,3,5,0,2,3,5,3
598,肚子,卧室,nouns,0,0,0,0,0,0,0,0,0,0,0
599,早餐,培根,nouns,0,0,0,1,2,1,0,0,0,1,0
600,文明,生活方式,nouns,5,0,1,3,0,1,0,3,3,0,3
601,狗,猫,nouns,0,2,0,2,0,0,0,0,0,0,1
602,信念,概念,nouns,0,3,2,2,0,1,4,0,0,2,0
603,契约,协议,nouns,3,6,5,5,6,4,5,5,5,4,3
604,雨,薄雾,nouns,0,3,0,1,0,4,0,0,0,1,0
605,小说,作家,nouns,0,0,0,0,0,1,0,0,0,0,0
606,手机,电话,nouns,6,5,6,4,6,3,3,3,6,5,3
607,军队,班,nouns,0,0,0,1,0,2,0,0,0,4,0
608,副手,军官,nouns,0,0,1,2,4,6,0,0,0,2,0
609,树,叶,nouns,0,0,0,2,0,1,0,0,0,0,0
610,排球,球,nouns,3,5,5,3,3,4,3,3,5,2,4
611,汽车,自行车,nouns,0,2,0,1,0,2,0,0,0,0,0
612,续集,相机,nouns,0,0,0,0,0,1,0,0,0,0,0
613,耐力,乐队,nouns,0,0,0,0,0,0,0,0,0,0,0
614,护士,科学家,nouns,0,0,0,1,0,0,0,0,0,0,1
615,地区,角,nouns,0,0,0,0,0,5,0,0,0,0,0
616,付款,纸币,nouns,0,0,0,3,0,3,0,3,2,0,1
617,果汁,奶昔,nouns,0,0,0,2,0,2,0,0,0,0,0
618,墙,砖,nouns,0,3,0,2,0,1,0,0,0,1,0
619,云,雾,nouns,2,3,3,2,2,2,3,3,5,1,2
620,河,溪流,nouns,3,5,5,2,2,4,3,3,5,2,5
621,轨,篱笆,nouns,0,0,0,0,0,0,0,0,0,0,0
622,映像,图像,nouns,0,4,4,2,6,4,3,1,5,3,2
623,威士忌酒,杜松子酒,nouns,0,2,0,1,2,5,0,3,2,0,3
624,喇叭,鼓,nouns,0,0,0,1,0,0,0,0,0,0,0
625,电话,小亭,nouns,0,0,0,0,0,0,0,0,0,0,0
626,香芹,松饼,nouns,0,0,0,0,0,0,0,0,0,0,0
627,钱,钻石,nouns,0,0,1,0,0,4,6,0,0,1,0
628,糖,蜜糖,nouns,3,3,0,2,1,3,3,3,5,3,2
629,衣服,布料,nouns,2,0,2,0,2,0,0,1,5,2,2
630,肚子,腰,nouns,3,2,4,3,2,0,0,1,4,1,3
631,车,胎压计,nouns,0,0,0,2,0,1,0,0,0,0,0
632,自由,自由,nouns,5,4,4,5,4,3,4,5,4,4,4
633,注意,兴趣,nouns,0,0,0,0,0,0,0,0,0,3,0
634,警察,警长,nouns,3,5,5,4,2,4,3,3,5,4,4
635,大风,毯,nouns,0,0,0,0,0,0,0,0,0,0,0
636,幸福,运气,nouns,0,0,1,4,0,4,0,0,0,0,0
637,来源,盒子,nouns,0,0,0,0,0,0,0,0,0,0,0
638,十年,世纪,nouns,0,0,0,1,0,0,0,0,0,0,1
639,猫,狮子,nouns,0,0,0,2,0,5,0,0,0,1,2
640,军队,军团,nouns,5,5,5,3,6,4,2,5,5,4,5
641,直升机,飞机,nouns,3,5,0,2,2,1,3,3,3,3,3
642,马,小马,nouns,5,4,5,3,3,5,3,3,3,1,3
643,牛仔裤,女人,nouns,0,0,0,0,0,1,0,0,0,0,0
644,对手,对手,nouns,5,5,4,5,5,5,6,5,6,4,5
645,天花板,大教堂,nouns,0,0,0,1,0,0,0,0,0,0,0
646,蜜蜂,女王,nouns,0,0,0,0,0,0,0,0,0,0,0
647,眼睛,眼泪,nouns,0,0,0,0,0,3,0,0,0,2,0
648,手臂,手腕,nouns,0,0,0,0,0,0,0,0,0,1,0
649,篱笆,跳跃,nouns,0,0,0,0,0,0,0,0,0,0,0
650,书,资料,nouns,0,2,4,1,2,2,0,4,3,3,1
651,屏蔽,小圆盾,nouns,0,0,0,0,2,0,0,0,0,1,0
652,天神,心靈,nouns,0,0,0,0,0,0,0,0,0,0,0
653,交流,交谈,nouns,4,6,5,4,4,6,5,5,5,5,4
654,地区,区域,nouns,5,6,5,5,5,5,6,4,5,5,6
655,喷嘴,流体,nouns,0,0,0,0,0,0,0,0,0,0,0
656,交流,语言,nouns,0,2,1,0,0,3,0,0,0,1,0
657,赛跑运动员,运动员,nouns,3,5,5,3,0,6,3,3,4,1,3
658,客串角色,性能,nouns,0,0,0,1,0,0,0,0,0,0,0
659,悲伤,羞愧,nouns,0,5,0,1,0,5,0,0,0,0,0
660,玉米,玉米,nouns,6,6,6,6,6,6,6,6,5,6,6
661,火车,电车,nouns,0,4,2,2,2,4,0,1,2,1,2
662,冬天,夏天,nouns,0,0,0,1,0,0,0,0,0,0,0
663,四轮货运马车,容器,nouns,0,0,0,0,0,2,0,0,0,0,0
664,十四行诗,美,nouns,0,0,0,1,0,0,0,0,0,0,0
665,朋友,家伙,nouns,0,4,0,2,2,0,3,0,0,0,2
666,枪,黎明,nouns,0,0,0,0,0,0,0,0,0,0,0
667,家,州,nouns,0,0,0,0,0,0,0,0,0,0,0
668,房间,大厦,nouns,0,0,0,1,0,1,0,0,0,0,0
669,罐,瓶子,nouns,5,5,2,0,2,3,0,3,5,0,3
670,发烧,疾病,nouns,0,5,4,1,2,5,0,3,3,0,2
671,天神,魔鬼,nouns,0,0,0,1,0,0,0,0,0,0,0
672,女人,毛,nouns,0,0,0,0,0,0,0,0,0,0,0
673,平面,大薄片,nouns,0,0,0,2,0,0,0,0,0,0,1
674,啤酒,饮品,nouns,0,4,4,3,2,3,3,3,3,1,2
675,传说,道德,nouns,0,0,0,0,0,0,0,0,0,0,0
676,船,甲板,nouns,0,2,0,2,0,2,1,0,0,1,0
677,船,锚,nouns,0,0,0,2,0,2,1,0,0,1,0
678,货车,邮包,nouns,0,0,0,1,0,0,0,0,0,0,0
679,门,地板,nouns,0,0,0,0,0,0,0,0,0,0,0
680,行为主义,治疗,nouns,0,0,0,0,0,0,0,0,0,0,0
681,老鼠,管理,nouns,0,0,0,0,0,0,0,0,0,0,0
682,手提电脑,笔记本,nouns,6,6,5,1,1,5,3,3,6,5,5
683,钱包,袋,nouns,0,2,1,1,1,3,1,0,0,1,0
684,大麻,草药,nouns,2,1,5,3,3,4,2,2,3,1,3
685,小学生,总统,nouns,0,0,0,0,0,0,0,0,0,0,0
686,走道,走廊,nouns,4,5,6,5,6,4,6,6,5,4,5
687,苹果,柠檬,nouns,0,0,0,1,0,0,0,0,0,0,1
688,屋顶,地板,nouns,0,0,0,1,0,0,0,0,0,0,0
689,鸡,米饭,nouns,0,0,0,0,0,0,0,0,0,0,0
690,肌肉,舌头,nouns,2,1,0,2,1,2,1,0,0,0,0
691,付款,奖励,nouns,0,0,0,0,1,0,0,0,0,0,0
692,房屋,锁匙,nouns,0,0,0,0,0,0,0,0,0,0,0
693,洗手间,厨房,nouns,0,0,0,0,0,2,0,0,0,0,0
694,战役,征服,nouns,0,3,0,0,0,1,0,0,0,2,0
695,新娘,公主,nouns,0,0,0,0,1,0,0,0,0,1,0
696,肌肉,舌头,nouns,1,1,0,1,0,1,0,0,0,0,0
697,肚皮,腹部,nouns,0,6,2,3,3,0,2,5,4,3,4
698,晚上,黎明,nouns,0,0,0,0,0,0,0,0,0,1,0
699,雨,冰雹,nouns,0,3,0,0,2,3,0,2,3,0,3
700,预言家,牧师,nouns,0,0,0,1,0,1,0,0,0,0,1
701,日落,线,nouns,0,0,0,0,0,0,0,0,0,0,0
702,走道,大厅,nouns,0,0,0,0,0,1,0,0,0,0,1
703,床,医院,nouns,0,0,0,2,0,1,0,0,0,0,2
704,汽车,桥,nouns,0,0,0,0,0,1,0,0,0,0,1
705,农业,植物,nouns,0,3,0,0,2,0,0,3,1,1,3
706,生态系统,经济,nouns,0,0,0,0,0,0,0,0,0,0,0
707,枪,笔记本,nouns,0,0,0,0,0,0,0,0,0,0,0
708,书,文章,nouns,4,3,4,4,3,4,3,4,4,4,4
709,肉,培根,nouns,2,3,5,2,4,5,0,5,5,1,3
710,椅子,凳子,nouns,6,6,6,5,6,5,6,5,5,6,5
711,傍晚,黄昏,nouns,4,5,6,6,4,4,6,6,6,1,6
712,岛,任务,nouns,0,0,0,0,0,0,0,0,0,0,0
713,雪,天气,nouns,0,1,0,2,2,4,0,3,3,1,3
714,壁,城堡,nouns,0,0,0,1,2,2,0,0,0,0,1
715,加冕礼,水,nouns,0,0,0,1,0,0,0,0,0,0,0
716,金属,铝,nouns,3,3,5,3,3,4,3,3,3,1,2
717,貂,毛,nouns,0,2,0,0,0,0,0,0,0,1,2
718,王冠,锁匙,nouns,0,0,0,0,0,0,0,0,0,0,0
719,门,地窖,nouns,0,0,0,1,0,1,0,0,0,0,2
720,联合,甘蔗,nouns,0,0,0,0,0,0,0,0,0,0,0
721,暴动,画画,nouns,0,0,0,0,0,0,0,0,0,0,1
722,歌曲,故事,nouns,0,0,3,1,0,0,0,0,0,1,0
723,电视,演员,nouns,0,0,0,0,0,4,0,0,0,1,2
724,政治家,总统,nouns,3,3,5,1,3,5,0,3,5,2,4
725,算术,韵律,nouns,0,0,0,1,0,0,0,0,0,0,0
726,信念,意见,nouns,0,0,1,0,1,0,0,0,0,1,2
727,镜片,相机,nouns,0,0,0,1,0,0,0,0,0,1,3
728,腿,手臂,nouns,0,0,0,1,0,2,0,0,0,0,2
729,水,冰,nouns,0,4,0,3,2,4,0,3,5,1,2
730,软管,花园,nouns,0,0,0,0,0,0,0,0,0,0,0
731,西洋棋,检查,nouns,0,0,0,0,0,2,0,0,0,0,0
732,谷物,小麦,nouns,0,5,4,3,4,5,2,3,3,4,3
733,营地,舱,nouns,0,0,0,2,0,0,0,0,0,0,0
734,窗口,屋顶,nouns,0,0,0,1,0,0,0,0,0,0,1
735,试验,测试,nouns,3,0,6,3,6,5,2,5,6,5,5
736,环,带,nouns,0,4,6,2,3,4,0,6,5,3,2
737,酒,世纪,nouns,0,0,0,0,0,0,0,0,0,0,0
738,安慰,安全,nouns,0,0,0,1,0,0,0,0,0,0,0
739,争论,批评,nouns,0,1,3,2,0,3,0,0,0,2,1
740,代数,手术,nouns,0,0,0,0,0,0,0,0,0,0,0
741,女人,妻子,nouns,0,1,4,3,3,5,3,3,5,5,2
742,父亲,女儿,nouns,0,0,0,1,0,0,0,0,0,0,1
743,无畏舰,主力舰,nouns,0,3,5,1,3,6,0,3,4,1,1
744,人,儿童,nouns,2,3,3,2,2,4,3,3,3,0,1
745,女人,秘书,nouns,0,0,1,0,0,6,0,0,0,0,1
746,晚餐,餐,nouns,5,3,5,3,3,3,3,3,5,1,3
747,南,北,nouns,0,0,0,1,0,0,0,0,0,0,1
748,书,故事,nouns,4,0,4,2,2,4,0,3,4,2,3
749,虚无主义,电影,nouns,0,0,0,1,0,5,0,0,0,0,0
750,沐浴,气球,nouns,0,0,0,0,0,0,0,0,0,0,0
751,意见,选择,nouns,0,0,3,2,0,5,0,0,0,2,0
752,手臂,脖子,nouns,0,0,0,1,0,0,0,0,0,0,1
753,栅栏,笼子,nouns,0,2,3,1,1,3,0,2,3,1,3
754,枪,毛,nouns,0,0,0,0,0,0,0,0,0,0,0
755,人群,束,nouns,0,0,0,0,0,0,0,0,0,0,0
756,云,天气,nouns,0,4,1,3,2,4,0,3,4,0,3
757,合唱,歌手,nouns,3,3,0,0,2,3,2,0,3,1,1
758,生气,狂怒,nouns,3,6,4,5,5,5,2,3,4,4,3
759,受害者,电话,nouns,0,0,0,0,0,0,0,0,0,0,0
760,悬崖,尾巴,nouns,0,0,0,0,0,0,0,0,0,0,0
761,麻布,布,nouns,2,0,5,3,2,5,3,3,5,4,1
762,货币,交换,nouns,0,0,0,0,2,2,0,0,0,5,2
763,身体,脊柱,nouns,0,0,3,0,2,1,2,1,4,1,1
764,毛毛雨,雨,nouns,3,2,5,5,2,5,3,3,3,3,3
765,雪,风暴,nouns,0,2,2,1,0,1,0,0,0,2,1
766,苹果,果汁,nouns,3,1,0,1,2,0,0,4,4,0,1
767,单身牢房,锁起来,nouns,0,5,0,0,3,0,0,2,0,0,2
768,小行星,星,nouns,2,4,4,2,2,4,3,3,3,3,3
769,鳟鱼,吉他,nouns,0,0,0,0,0,0,0,0,0,0,0
770,歌手,员工,nouns,0,0,0,1,3,0,0,0,0,0,0
771,乐队,管弦乐队,nouns,3,6,5,5,2,5,3,3,4,3,4
772,头脑,大脑,nouns,5,6,4,4,0,6,5,6,6,2,5
773,插曲,章节,nouns,0,1,0,1,0,5,0,0,0,1,2
774,原木,木材,nouns,4,4,5,4,5,5,3,3,5,2,5
775,剑,环境,nouns,0,0,0,0,0,4,0,0,0,0,0
776,主意,形象,nouns,0,0,0,0,0,0,0,0,0,0,0
777,病菌,病原,nouns,4,0,4,4,2,6,3,6,4,1,3
778,空气,氦气,nouns,4,3,4,3,2,4,0,3,4,0,2
779,电池,能量,nouns,0,0,1,3,2,5,0,2,0,3,3
780,半岛,岛,nouns,3,4,5,3,3,6,3,3,5,1,5
781,贪污,骗局,nouns,2,0,4,0,2,3,0,0,0,1,3
782,门,走廊,nouns,0,0,0,1,0,1,0,0,0,0,2
783,募捐活动,事件,nouns,0,3,4,2,1,3,0,0,0,0,2
784,父亲,哥哥,nouns,0,0,0,0,0,1,0,0,0,0,2
785,律师,画廊,nouns,0,0,0,0,0,0,0,0,0,0,0
786,阿姨,侄子,nouns,0,0,0,2,0,0,0,0,0,0,1
787,蜜蜂,蚂蚁,nouns,0,1,0,1,0,1,0,0,0,0,2
788,协议,条件,nouns,0,3,4,3,2,5,0,1,2,2,3
789,分子,空气,nouns,0,0,0,0,0,3,0,0,0,1,1
790,男人,武士,nouns,0,0,0,0,1,1,2,0,0,0,2
791,燕麦,田,nouns,0,0,0,0,0,4,0,0,0,0,1
792,灰濛蒙,预测,nouns,0,0,0,0,0,1,0,0,0,0,0
793,三文治,午饭,nouns,0,0,0,0,0,0,0,0,0,0,2
794,品质,伞,nouns,0,0,0,0,0,1,0,0,0,0,0
795,沙发,棒球,nouns,0,0,0,0,0,0,0,0,0,0,0
796,愤怒,心情,nouns,2,5,0,4,2,3,2,2,3,0,3
797,杯子,锥形蛋筒,nouns,0,0,0,1,2,4,0,0,0,0,2
798,后世,炼狱,nouns,0,0,0,1,0,0,0,0,0,0,0
799,月亮,行星,nouns,4,6,3,4,3,5,0,2,0,1,2
800,门,门口,nouns,3,5,4,5,4,5,0,1,4,5,4
801,美人,年龄,nouns,0,0,0,0,0,2,0,0,0,1,1
802,车,喇叭,nouns,0,0,0,0,0,0,0,0,0,0,2
803,盒子,电梯,nouns,0,0,0,0,0,0,0,0,0,0,0
804,胜利,凯旋,nouns,0,6,6,5,6,4,5,5,6,3,5
805,粘性,溅,nouns,0,0,0,1,0,0,0,0,0,0,0
806,方法,方式,nouns,4,3,5,5,6,3,5,5,4,1,6
807,混乱,类别,nouns,0,0,0,0,0,0,0,0,0,0,0
808,泡,肥皂泡沫,nouns,5,4,5,3,4,4,3,3,5,1,4
809,支气管炎,对乙酰氨基酚,nouns,0,0,0,2,0,0,0,0,0,0,0
810,信用,借款人,nouns,0,0,0,0,1,5,0,0,0,1,2
811,球,服装,nouns,0,0,0,0,0,1,0,0,0,0,0
812,牛油,土豆,nouns,0,0,0,1,0,0,0,0,0,0,2
813,神经官能症,头脑,nouns,0,0,0,0,0,0,0,0,0,0,2
814,出租车,出租车,nouns,6,6,6,6,6,6,6,6,5,6,6
815,酸,碱,nouns,0,0,0,2,0,1,0,0,0,0,0
816,公式,等式,nouns,2,0,5,3,4,2,0,0,3,1,3
817,昆虫,蜜蜂,nouns,3,4,5,4,2,0,3,5,5,1,1
818,马,牛,nouns,0,0,0,0,0,3,0,0,0,0,2
819,男人,兄弟会,nouns,0,0,0,0,1,4,0,3,4,1,2
820,巧克力,派,nouns,0,0,0,2,0,0,0,0,0,1,2
821,世界,地球,nouns,5,0,2,2,2,3,0,3,4,1,2
822,手臂,骨头,nouns,0,0,0,0,2,2,0,0,0,0,1
823,肉桂,糖果,nouns,0,0,0,0,0,1,0,0,0,0,1
824,信念,印象,nouns,0,0,0,1,0,0,0,0,0,0,2
825,蛇,蜥蜴,nouns,0,2,0,1,0,5,0,0,0,0,2
826,毁灭,建造,nouns,0,0,0,1,0,0,0,0,0,0,2
827,肉,面包,nouns,0,0,0,1,0,0,0,0,0,0,1
828,字典,定义,nouns,0,0,0,0,0,3,0,0,0,1,3
829,帮手,女仆,nouns,3,4,4,3,1,2,2,2,5,1,1
830,费用,付款,nouns,4,0,0,3,2,5,0,0,0,4,2
831,海滩,海,nouns,4,3,0,1,1,2,3,3,5,3,3
832,船,树,nouns,0,0,0,0,0,0,0,0,0,0,0
833,射线,阳光,nouns,0,0,4,0,2,2,0,0,3,1,2
834,樱桃,草莓,nouns,0,1,0,3,2,4,0,1,2,1,2
835,诗,韵律,nouns,0,0,0,0,0,1,0,0,0,0,3
836,女士,先生,nouns,0,0,0,0,0,2,0,0,0,0,1
837,码,英寸,nouns,4,2,0,4,6,5,0,1,2,3,1
838,活动,运动,nouns,3,3,4,2,3,1,3,2,5,3,2
839,人,枪,nouns,0,0,0,0,0,0,0,0,0,0,0
840,骨头,膝盖,nouns,3,0,0,2,3,1,0,1,3,0,2
841,窗,门,nouns,0,0,0,1,0,3,0,0,0,0,1
842,手臂,身体,nouns,0,0,0,0,0,1,3,0,0,0,1
843,冬天,季节,nouns,3,0,5,3,3,2,0,1,5,1,2
844,钥匙,锁,nouns,0,4,0,0,0,2,0,0,0,1,2
845,国王,统治者,nouns,6,4,5,4,4,5,6,5,5,5,6
846,地震,震,nouns,4,4,4,3,4,5,5,3,5,3,5
847,新郎,新娘,nouns,0,2,0,0,0,2,0,0,0,0,2
848,脖子,脊柱,nouns,0,0,0,2,0,2,0,0,0,0,1
849,朋友,伙伴,nouns,5,5,4,5,5,3,0,5,5,4,3
850,合金,钢,nouns,3,5,5,2,3,4,3,3,5,5,4
851,生日,年,nouns,0,0,0,0,2,2,0,0,0,3,1
852,家伙,伙伴,nouns,5,3,1,2,2,5,2,3,1,1,0
853,男孩,合作伙伴,nouns,0,0,0,1,0,3,0,0,0,0,1
854,戒指,订婚,nouns,0,0,0,1,1,4,0,0,0,4,3
855,报纸,资料,nouns,0,2,3,2,3,2,3,0,0,2,2
856,人们,派对,nouns,0,0,0,0,2,0,0,0,0,0,1
857,身体,肩,nouns,0,1,3,0,1,0,2,0,0,0,1
858,公司,企业,nouns,5,5,5,5,5,4,5,3,6,4,4
859,多面体,演员,nouns,0,0,0,0,0,0,0,0,0,0,0
860,云,风暴,nouns,0,3,0,1,1,2,0,0,0,0,2
861,泥,泥土,nouns,5,5,6,5,4,6,3,6,5,5,6
862,字,报纸,nouns,0,3,0,3,2,5,0,0,0,1,4
863,状态,男孩,nouns,0,0,0,1,0,2,0,0,0,0,0
864,岩石,矿,nouns,0,2,2,3,2,4,0,3,0,1,3
865,城镇,城市,nouns,0,4,4,6,3,4,3,4,5,4,5
866,丰富,许多,nouns,5,3,5,4,2,5,4,5,5,4,4
867,参加竞选,猴子,nouns,0,0,0,0,0,0,0,0,0,0,0
868,社论,新闻,nouns,0,3,4,3,2,3,3,3,4,1,3
869,男人,叔叔,nouns,0,2,3,1,2,5,3,2,4,1,2
870,钱,资本,nouns,4,3,4,3,5,4,3,2,5,2,4
871,现实,幻想,nouns,1,1,1,1,1,1,1,1,1,1,2
872,沙拉,醋,nouns,0,0,0,0,0,0,0,0,0,0,2
873,男孩,士兵,nouns,0,1,0,3,2,3,3,5,5,1,2
874,早餐,晚餐,nouns,0,1,0,1,0,4,0,0,0,0,2
875,选择,静脉,nouns,0,0,0,0,0,1,0,0,0,0,0
876,税,收入,nouns,0,1,2,0,0,1,0,0,0,1,2
877,船,车,nouns,0,1,0,1,0,0,0,0,0,1,1
878,滨,海岸,nouns,0,2,6,1,3,4,0,3,4,5,3
879,媒介,新闻,nouns,3,2,4,3,2,3,0,1,0,2,4
880,权利,正义,nouns,0,1,0,1,2,2,0,0,0,0,0
881,一餐,腰部,nouns,0,0,0,0,0,0,0,0,0,0,0
882,公主,岛,nouns,0,0,0,0,0,0,0,0,0,0,0
883,原木,沐浴,nouns,0,0,0,0,0,0,0,0,0,0,0
884,危险,疾病,nouns,0,1,0,0,1,1,0,0,0,1,1
885,募捐,发展,nouns,0,1,0,0,0,0,0,0,0,0,0
886,老鼠,猫,nouns,0,1,0,1,0,0,0,0,0,0,1
887,公寓,酒店,nouns,0,2,0,1,0,1,0,0,0,1,3
888,裙子,舞蹈,nouns,0,0,0,1,0,1,0,0,0,0,0
889,货币,并发,nouns,0,0,0,1,0,0,0,0,0,0,0
890,女儿,孩子,nouns,2,3,4,3,3,5,2,3,5,1,1
891,沐浴,戏法,nouns,0,0,0,0,0,0,0,0,0,0,0
892,俱乐部,标识,nouns,0,0,0,0,0,0,0,0,0,0,0
893,女孩,女佣,nouns,1,2,1,3,2,4,0,3,3,1,2
894,习语,字,nouns,0,1,0,1,0,2,0,0,0,1,3
895,狗,马,nouns,0,1,0,1,0,4,0,0,0,1,2
896,萤幕,监控,nouns,0,0,0,0,0,5,0,0,0,1,2
897,政府,蜥蜴,nouns,0,0,0,0,0,0,0,0,0,0,0
898,周末,星期,nouns,0,3,2,2,2,3,0,2,3,5,3
899,绝望,苦难,nouns,0,3,4,3,3,5,0,1,0,3,4
900,乘法,除法,nouns,0,1,0,3,0,4,0,0,0,1,1
901,钢琴,和声,nouns,0,1,0,0,0,2,0,0,0,1,2
902,肠子,神经,nouns,0,0,0,0,0,0,0,0,0,0,2
903,阳光,天空,nouns,0,1,0,0,1,2,0,1,0,2,3
904,医生,教授,nouns,0,0,0,1,2,4,0,0,0,1,2
905,哲学家,赛跑,nouns,0,0,0,0,0,0,0,0,0,0,0
906,手臂,膝盖,nouns,0,1,0,2,0,0,0,0,0,0,1
907,行政管理,管理,nouns,5,2,5,3,2,5,3,3,5,3,5
908,宫殿,摩天大楼,nouns,0,0,0,1,0,2,0,0,0,0,1
909,踝,窗口,nouns,0,0,0,0,0,0,0,0,0,0,0
910,肚子,静脉,nouns,0,0,0,1,0,0,0,0,0,0,2
911,页,段,nouns,0,1,0,1,0,4,0,0,0,1,4
912,参议院,宪法,nouns,0,1,0,0,0,2,0,0,0,2,3
913,顶,侧面,nouns,0,0,0,1,0,0,0,0,0,0,2
914,沙滩,海滨,nouns,0,1,0,2,2,3,0,0,0,1,2
915,汽车,运输,nouns,4,3,0,3,3,4,0,0,0,2,2
916,罗盘,大象,nouns,0,1,0,0,0,0,0,0,0,0,0
917,坦克,汽车,nouns,1,0,0,1,1,2,0,0,0,0,2
918,日落,表,nouns,0,0,0,0,0,0,0,0,0,0,0
919,分界线,国境,nouns,4,2,2,4,1,6,3,2,4,3,4
920,木,毯,nouns,0,0,0,0,0,0,0,0,0,0,0
921,衬衣,开襟毛衣,nouns,0,1,0,3,3,4,0,1,0,1,2
922,菜单,点菜,nouns,1,3,0,3,2,3,0,0,0,1,3
923,首领,市长,nouns,4,4,1,2,3,4,3,5,5,2,4
924,演员,歌手,nouns,3,2,3,1,1,4,3,3,3,1,3
925,力量,能力,nouns,4,1,3,4,3,5,2,3,3,1,3
926,奖章,运动鞋,nouns,0,0,0,0,0,1,0,0,0,0,0
927,自由,绿洲,nouns,0,0,0,0,0,0,0,0,0,1,0
928,光标,幻灯片,nouns,0,0,0,0,2,0,0,0,0,0,0
929,隧道,路径,nouns,4,2,0,3,3,4,3,3,3,1,3
930,立方体,玩具,nouns,0,0,0,1,1,0,0,0,0,0,0
931,鼠,老鼠,nouns,6,5,5,6,6,5,6,6,5,6,6
932,教堂,大教堂,nouns,6,6,5,5,6,5,6,5,5,6,6
933,啤酒,酒,nouns,4,6,5,5,6,5,6,5,5,4,6
934,董事,老板,nouns,5,5,5,5,5,4,2,3,3,5,5
935,恶意软件,蠕虫,nouns,3,0,4,0,3,0,0,0,0,0,0
936,缺席,在场,nouns,0,0,0,1,0,0,0,0,0,0,1
937,脚,头,nouns,0,0,0,1,0,0,0,0,0,0,1
938,数学家,节目,nouns,0,0,0,0,0,0,0,0,0,0,0
939,时代,十,nouns,0,1,0,1,0,0,0,0,0,0,0
940,音乐,旋律,nouns,4,5,0,4,4,5,3,3,5,4,3
941,世纪,年,nouns,2,2,1,1,6,3,0,1,3,1,2
942,肘,踝,nouns,0,1,0,1,0,0,0,0,0,3,1
943,信,段,nouns,0,0,0,0,0,1,1,0,0,0,0
944,身体,神经,nouns,0,4,0,3,3,4,0,1,3,1,1
945,沙子,脚,nouns,0,1,0,0,0,0,0,0,0,0,0
946,无政府,混乱,nouns,3,3,4,2,0,6,4,4,2,1,3
947,歌谣,歌曲,nouns,4,5,4,3,2,4,3,3,2,1,3
948,男孩子,儿子,nouns,0,3,4,4,3,5,3,3,5,1,2
949,警察,副驾驶,nouns,0,0,0,1,0,0,0,0,0,0,0
950,日落,日出,nouns,0,1,0,3,0,1,0,0,0,0,1
951,脚趾,手指,nouns,0,2,0,0,0,0,0,0,0,0,1
952,成年人,监护人,nouns,0,1,4,3,4,5,0,3,5,2,2
953,无穷,零,nouns,0,0,0,0,0,0,0,0,0,0,0
954,汽车,厂,nouns,0,0,0,0,0,0,0,0,0,0,2
955,舱,棚屋,nouns,0,0,0,1,0,4,0,0,0,0,0
956,望远镜,椅子,nouns,0,0,0,0,0,0,0,0,0,0,0
957,阴谋家,策略家,nouns,3,5,4,2,3,5,0,4,3,1,2
958,汽车,货车,nouns,4,4,0,3,2,4,3,3,5,1,2
959,小提琴,乐器,nouns,4,5,3,5,2,5,3,3,5,1,2
960,地板,甲板,nouns,1,3,0,3,3,1,2,4,5,1,3
961,代码,符号,nouns,0,3,5,3,3,4,2,4,5,2,1
962,首词,句法,nouns,0,0,0,2,0,0,0,0,0,1,2
963,神经,脑,nouns,0,0,4,0,3,0,2,3,4,1,3
964,情况,状态,nouns,0,3,5,5,5,5,4,2,5,4,4
965,面包,芝士,nouns,0,0,0,1,0,0,0,0,0,0,2
966,果汁,勺子,nouns,0,0,0,0,0,0,0,0,0,0,0
967,肉,三明治,nouns,0,0,0,2,0,0,0,0,0,0,2
968,四轮货运马车,马车,nouns,5,4,5,3,2,6,3,3,5,1,3
969,游标,微晶片,nouns,0,0,0,0,0,0,0,0,0,0,1
970,喜悦,自豪,nouns,0,1,0,1,5,5,0,2,3,1,2
971,云,雾气,nouns,0,2,0,3,1,2,2,3,5,1,3
972,木,原木,nouns,6,3,5,4,5,6,3,3,5,1,5
973,老师,学生,nouns,0,0,0,2,0,1,0,0,0,0,2
974,动物,人,nouns,1,0,5,2,2,2,0,3,4,2,1
975,天空,梦想,nouns,0,0,0,1,0,0,0,0,0,1,0
976,女英雄,英雄,nouns,5,6,5,5,3,6,3,3,5,1,2
977,日期,日历,nouns,0,4,5,4,2,5,0,3,2,2,3
978,给予,贡献,nouns,0,3,4,3,2,2,3,4,3,3,3
979,手稿,文章,nouns,2,3,4,3,4,4,0,5,5,3,2
980,科学,心理学,nouns,0,2,5,3,2,4,3,4,4,2,3
981,社会,文化,nouns,0,0,0,3,3,3,0,0,0,1,3
982,棉,毛线衣,nouns,0,2,0,1,0,3,0,0,0,0,2
983,书,主题,nouns,2,2,1,2,2,2,2,1,2,2,2
984,自由,审查,nouns,0,0,0,1,0,0,0,0,0,0,0
985,巫师,电缆,nouns,0,0,0,0,0,0,0,0,0,0,0
986,红酒,酒,nouns,4,5,5,5,3,6,3,3,3,2,5
987,冠军,优胜者,nouns,6,5,6,6,5,5,6,5,5,6,6
988,编剧,电视,nouns,0,0,0,0,0,4,0,0,0,0,2
989,书,文学,nouns,2,2,0,4,4,5,0,2,0,0,3
990,猎狗,狐狸,nouns,0,1,0,1,0,3,0,0,0,1,2
991,骨头,脖子,nouns,0,0,0,1,0,0,0,0,0,0,2
992,总统,市长,nouns,0,4,0,4,3,4,0,0,0,3,4
993,音节,词元,nouns,0,1,4,2,0,2,0,0,0,0,2
994,音系学,屏幕,nouns,0,0,0,0,0,0,0,0,0,0,0
995,男人,嫌疑人,nouns,0,0,0,2,2,1,0,0,0,0,1
996,牙医,上校,nouns,0,0,0,1,0,0,0,0,0,0,1
997,插图,起泡,nouns,0,0,0,0,0,0,0,0,0,0,0
998,酒吧,监狱,nouns,0,0,0,1,0,2,0,0,0,0,1
999,薄荷,口香糖,nouns,0,1,0,1,0,2,1,0,0,0,2
1000,阵列,名单,nouns,0,0,0,1,2,0,0,0,0,1,2
1001,航空,飞行,nouns,4,4,5,4,3,5,0,0,0,4,4
1002,校园,大学,nouns,3,2,4,3,4,5,0,2,3,2,3
1003,指甲,手,nouns,0,1,0,0,1,2,0,0,0,0,2
1004,湿疹,皮炎,nouns,5,0,5,4,2,4,2,4,5,2,5
1005,意见,主意,nouns,4,0,6,4,4,2,4,5,5,4,3
1006,米,英寸,nouns,4,1,0,4,6,5,0,1,2,1,2
1007,雪崩,雪,nouns,0,2,0,3,2,5,0,1,3,1,2
1008,侵略,敌意,nouns,3,1,2,0,2,5,0,0,2,1,2
1009,减肥,沙拉,nouns,0,0,0,1,0,2,0,0,0,2,1
1010,疼痛,危害,nouns,0,1,0,0,2,4,0,0,0,1,0
1011,父亲,家长,nouns,3,3,5,5,5,5,3,3,5,5,5
1012,朋友,母亲,nouns,0,0,0,0,0,1,0,0,0,1,1
1013,装饰,信封,nouns,0,0,0,2,1,4,0,0,0,0,0
1014,翻译者,外国人,nouns,0,1,0,0,2,0,0,0,0,0,1
1015,字典,百科全书,nouns,0,1,0,4,1,1,2,3,3,1,3
1016,面包,小麦粉,nouns,0,2,0,4,1,2,0,3,3,1,3
1017,帽子,上衣,nouns,0,0,4,2,3,4,0,0,0,0,1
1018,卡,桥,nouns,0,0,0,0,0,4,0,0,0,0,0
1019,车辆,公共汽车,nouns,3,3,4,3,3,5,3,3,3,0,3
1020,人群,游行,nouns,0,1,0,2,0,0,0,0,0,0,0
1021,避难所,棚屋,nouns,0,0,0,2,2,0,1,0,0,1,2
1022,目标,寻求,nouns,0,1,0,1,0,3,0,0,0,4,2
1023,食物,程序,nouns,0,0,0,0,0,0,0,0,0,0,0
1024,申请人,申请,nouns,2,2,0,1,1,4,0,0,0,1,3
1025,肢体,腿,nouns,3,3,0,3,3,0,2,2,3,1,2
1026,犯罪,盗窃,nouns,3,4,5,4,3,4,2,5,3,2,3
1027,商业,公司,nouns,5,3,0,4,1,4,0,0,0,2,3
1028,神经心理学,通灵研究,nouns,0,0,0,1,0,4,2,0,0,0,0
1029,血液,身体,nouns,0,0,0,2,2,3,0,0,0,0,3
1030,兄弟会,棒球,nouns,0,0,0,0,0,0,0,0,0,0,0
1031,妻子,丈夫,nouns,0,0,0,0,0,2,0,0,0,0,1
1032,海啸,海,nouns,0,2,0,3,2,4,0,0,1,1,2
1033,嘴巴,唇,nouns,1,2,4,4,3,3,0,2,2,2,4
1034,饮食,苹果,nouns,0,1,0,0,2,4,0,0,0,0,1
1035,地图,广场,nouns,0,0,0,2,0,0,0,0,0,0,1
1036,群落生境,生物学,nouns,0,3,0,2,3,4,0,0,0,0,1
1037,竿,窗帘,nouns,0,0,0,0,0,1,0,0,0,0,2
1038,草地,草原,nouns,3,3,5,4,4,4,2,4,4,3,6
1039,授粉,蕊,nouns,0,1,0,2,0,0,0,0,0,1,4
1040,尖顶,教堂,nouns,0,0,0,0,0,4,0,0,0,0,4
1041,故事,主题,nouns,0,0,0,2,0,2,0,0,0,0,3
1042,小孩,成年人,nouns,0,0,0,2,1,1,0,0,0,0,2
1043,幼儿园,幼儿,nouns,0,0,0,1,0,2,0,0,0,1,3
1044,电影,影片,nouns,5,6,4,4,5,5,0,6,6,0,5
1045,工作,管理,nouns,0,0,1,2,0,0,0,0,0,0,2
1046,模拟,机器人技术,nouns,0,0,0,0,1,1,0,0,0,0,4
1047,作者,读者,nouns,0,0,0,0,0,2,0,0,0,0,2
1048,蚕,毛毛虫,nouns,0,4,0,3,2,3,0,3,5,0,2
1049,歇斯底里,混乱,nouns,0,2,3,1,3,4,3,4,5,1,3
1050,血液,肉,nouns,0,0,0,2,0,1,0,0,0,0,1
1051,角度,距离,nouns,0,0,0,2,0,0,0,0,0,0,1
1052,愉快,快乐,adjectives,3,6,6,5,4,5,4,5,6,4,6
1053,普通,平凡,adjectives,3,6,5,5,4,6,4,5,6,4,6
1054,相反,独特,adjectives,0,0,0,1,2,6,2,0,0,0,0
1055,不开心,惱火,adjectives,4,6,2,3,2,5,2,2,5,2,3
1056,乱,清洁,adjectives,0,0,0,0,0,0,0,0,0,0,1
1057,狭窄,瘦,adjectives,0,1,0,2,1,4,0,0,0,1,1
1058,不可能,可行,adjectives,0,0,0,2,0,0,0,0,0,0,1
1059,无实体,心灵,adjectives,0,0,4,3,2,6,3,4,4,1,2
1060,黏,脏,adjectives,0,3,0,1,0,0,0,0,0,1,2
1061,蠢,笨,adjectives,5,6,6,6,6,5,6,6,6,6,6
1062,艰难,困难,adjectives,0,6,6,6,6,4,4,5,3,3,6
1063,内疚,羞愧,adjectives,2,6,6,5,4,5,3,3,5,4,5
1064,井然有序,乱七八糟,adjectives,0,0,0,2,0,0,0,0,0,0,1
1065,闷,平庸,adjectives,0,0,0,0,2,3,2,0,0,1,2
1066,巨大,笨,adjectives,0,0,0,0,0,0,0,0,0,1,0
1067,疯,疯狂,adjectives,5,6,5,3,6,6,5,4,6,5,6
1068,谦虚,灵活,adjectives,0,0,0,1,0,3,2,0,0,0,1
1069,坏,极好,adjectives,0,0,0,2,0,0,0,0,0,0,0
1070,贫困,无助,adjectives,0,0,0,2,0,3,0,0,0,0,1
1071,天真,幼稚,adjectives,4,5,3,5,3,5,2,5,5,1,5
1072,假,真实,adjectives,0,0,0,2,0,0,0,0,0,0,1
1073,未成熟的,不负责任,adjectives,2,3,0,1,2,4,0,1,3,2,2
1074,长,狭窄,adjectives,0,0,0,1,0,0,0,0,0,0,2
1075,快,迅速,adjectives,5,5,5,5,5,5,5,6,5,5,5
1076,狡猾,奇怪,adjectives,0,0,0,1,0,3,2,0,0,0,1
1077,有创造力,创新,adjectives,5,6,5,4,5,6,6,5,4,4,5
1078,自豪,傲慢,adjectives,5,2,2,3,2,4,0,3,5,4,2
1079,付得起,便宜,adjectives,5,3,2,1,4,5,2,2,5,0,3
1080,平庸,好的,adjectives,0,0,0,2,0,2,0,0,0,0,0
1081,笨,罕见,adjectives,0,0,0,0,0,0,0,0,0,0,0
1082,聪明,笨,adjectives,0,0,0,1,0,0,0,0,0,0,0
1083,残忍,不公平,adjectives,0,0,0,1,0,2,0,0,0,0,2
1084,谦虚,纯,adjectives,0,0,2,1,0,5,1,0,0,0,1
1085,平淡,沉闷,adjectives,5,0,0,3,2,3,2,1,4,1,3
1086,脆弱,简单,adjectives,0,0,0,2,0,0,0,0,0,0,0
1087,不确定,害怕,adjectives,0,0,0,1,2,2,1,0,0,1,2
1088,非一般,罕见,adjectives,3,0,4,5,5,6,4,5,5,4,5
1089,普通,冷,adjectives,0,0,0,0,0,0,0,0,0,0,0
1090,精彩,伟大,adjectives,0,1,0,0,0,1,2,5,0,2,2
1091,怪异,奇怪,adjectives,5,6,5,5,4,4,3,4,3,4,5
1092,国民,大,adjectives,0,0,0,0,0,0,0,0,0,0,0
1093,容易,困难,adjectives,0,1,0,0,0,0,0,0,0,0,0
1094,旧,新,adjectives,0,0,0,2,0,0,0,0,0,0,1
1095,粗糙,无礼,adjectives,0,0,0,2,2,1,0,0,0,0,0
1096,累,饥饿,adjectives,0,0,0,1,0,3,0,0,0,0,1
1097,容易,困难,adjectives,0,1,0,1,0,0,0,0,0,0,0
1098,最近,新,adjectives,0,0,5,3,3,5,0,2,2,5,5
1099,合法,非法,adjectives,0,0,0,2,0,0,0,0,0,0,0
1100,成熟,复杂,adjectives,0,0,2,0,0,2,0,0,0,0,1
1101,谦逊,谦虚,adjectives,4,6,6,6,4,4,6,5,6,6,5
1102,未成熟的,长大,adjectives,0,0,0,2,0,0,0,0,0,0,2
1103,煮熟的,水煮,adjectives,0,5,5,3,2,3,3,3,1,1,2
1104,宽大,窄小,adjectives,0,0,0,2,0,0,0,0,0,0,1
1105,有弹性,灵活的,adjectives,0,3,6,4,4,2,3,5,4,3,4
1106,愤怒,犹豫,adjectives,0,0,0,1,0,2,0,0,0,0,2
1107,自信,肯定,adjectives,2,2,5,4,4,5,0,4,3,2,2
1108,开心,快乐,adjectives,6,6,5,5,6,5,6,5,6,6,6
1109,胆大,自豪,adjectives,0,0,0,1,0,3,0,0,0,2,2
1110,困难,简单,adjectives,0,1,0,1,0,0,0,0,0,0,0
1111,枯燥,可笑,adjectives,0,0,0,0,0,0,0,0,0,0,0
1112,愉快,精彩,adjectives,4,3,4,3,2,3,0,3,2,1,3
1113,正式,合乎体统,adjectives,4,5,4,5,5,4,2,4,4,4,0
1114,人造,假,adjectives,4,1,2,3,2,4,3,5,2,3,4
1115,平淡,刺激,adjectives,0,0,0,2,0,0,0,0,0,0,0
1116,公开,未公开,adjectives,0,0,0,2,0,0,0,0,0,0,0
1117,谦虚,羞愧,adjectives,0,0,0,1,0,0,0,0,0,3,0
1118,轻信,笨,adjectives,0,0,1,2,0,0,0,0,0,1,0
1119,饥饿,渴,adjectives,0,2,0,3,3,3,0,4,2,1,2
1120,安全,乏味,adjectives,0,0,0,0,0,0,0,0,0,0,0
1121,清醒,喝醉,adjectives,0,0,0,2,0,0,0,0,0,0,0
1122,非法,不道德,adjectives,0,3,1,3,3,4,2,3,1,2,2
1123,坏,糟糕,adjectives,0,5,4,4,5,4,2,5,3,5,3
1124,好,闻名,adjectives,4,5,3,1,2,6,3,5,4,1,0
1125,忙碌,懒,adjectives,0,0,0,1,0,0,0,0,0,0,0
1126,粗糙,丑陋,adjectives,0,0,1,3,1,0,0,0,0,0,0
1127,中性,未拿定主意,adjectives,0,0,0,0,0,3,0,0,0,4,0
1128,旧,杂,adjectives,0,0,0,0,0,0,0,0,0,0,0
1129,伤心,可怕,adjectives,0,0,0,1,0,4,0,0,0,0,1
1130,快,迅速,adjectives,5,5,5,5,5,5,5,5,5,5,5
1131,害羞,害怕,adjectives,0,2,0,2,0,2,0,0,0,3,1
1132,容易,大,adjectives,0,0,0,0,0,0,0,0,0,0,0
1133,笔直,弯曲,adjectives,0,0,0,2,0,0,0,0,0,0,0
1134,黏,湿,adjectives,2,5,0,3,2,2,0,3,3,1,1
1135,难以置信,普通,adjectives,0,0,0,0,0,0,0,0,0,0,0
1136,暴力,愤怒,adjectives,1,3,0,3,2,3,0,3,2,1,3
1137,类似,相像,adjectives,0,6,5,5,5,4,0,0,0,3,5
1138,兴奋,受惊,adjectives,0,5,0,1,0,0,0,0,0,0,0
1139,暴力,被动,adjectives,0,0,0,0,0,0,0,0,0,0,0
1140,某些,紧张,adjectives,0,0,0,0,0,0,0,0,0,0,0
1141,好斗,弯曲,adjectives,0,0,0,2,0,0,0,0,0,0,0
1142,合法,允许,adjectives,3,3,1,3,3,4,0,4,3,2,2
1143,奇怪,古怪,adjectives,6,5,6,6,6,6,6,5,6,6,5
1144,安全,合法,adjectives,0,1,0,1,0,3,0,0,0,1,0
1145,激进,暴力,adjectives,0,4,3,2,4,0,3,3,4,2,3
1146,短,长,adjectives,0,0,0,2,0,0,0,0,0,0,0
1147,疯狂,高兴,adjectives,0,1,0,0,2,2,0,0,0,1,0
1148,有价值,特别,adjectives,0,2,0,1,0,0,0,0,0,3,0
1149,狭窄,宽广,adjectives,0,0,0,2,0,0,0,0,0,0,0
1150,精确,错误,adjectives,0,0,0,2,0,0,0,0,0,0,0
1151,杂,联合,adjectives,0,1,0,0,0,0,0,0,0,0,0
1152,奇怪,普通,adjectives,0,0,0,1,0,0,0,0,0,0,0
1153,无聊,累,adjectives,0,0,0,1,0,0,0,0,0,1,0
1154,灵活,松动,adjectives,0,1,4,3,3,2,0,3,2,1,1
1155,笨,机灵,adjectives,0,0,0,2,0,0,0,0,0,0,0
1156,确定,肯定,adjectives,3,6,6,5,4,6,6,6,5,5,5
1157,坏,平庸,adjectives,0,0,0,1,0,0,0,0,0,0,0
1158,大,重,adjectives,0,1,0,2,0,2,0,0,0,0,0
1159,善良,大方,adjectives,2,0,4,4,3,1,0,3,3,1,1
1160,大规模,大,adjectives,4,2,6,5,5,3,3,3,5,4,2
1161,轻视,轻蔑,adjectives,3,6,6,5,4,4,4,6,4,4,3
1162,红色,蓝色,adjectives,0,0,0,2,0,0,0,0,0,0,0
1163,狡猾,坚固,adjectives,0,0,0,1,0,0,0,0,0,0,0
1164,暴力,柔软,adjectives,0,0,0,0,0,0,0,0,0,0,0
1165,粗暴,冷淡,adjectives,0,0,0,1,0,0,0,0,0,0,0
1166,不昂贵,便宜,adjectives,4,0,4,4,4,5,4,4,6,3,5
1167,闻名,国民,adjectives,0,0,0,0,0,0,0,0,0,0,0
1168,无礼,批评,adjectives,0,1,0,1,2,3,0,0,0,0,0
1169,笨,聪慧,adjectives,0,0,0,2,0,0,0,0,0,0,0
1170,灵活,活动,adjectives,0,2,0,0,0,2,0,0,0,1,0
1171,贫穷,自豪,adjectives,0,0,0,1,0,0,0,0,0,0,0
1172,害羞,昂贵,adjectives,0,0,0,0,0,0,0,0,0,0,0
1173,生病,疯,adjectives,0,3,0,1,0,6,0,0,0,0,0
1174,现代,古老,adjectives,0,0,0,0,0,0,0,0,0,0,0
1175,怪诞,奇怪,adjectives,4,6,5,5,4,6,4,3,5,3,6
1176,诚实,内疚,adjectives,0,0,0,1,0,0,0,0,0,0,0
1177,笨,愚笨,adjectives,5,6,6,6,4,5,6,6,6,5,6
1178,第五,最佳,adjectives,0,0,0,1,0,0,0,0,0,0,0
1179,坏,内疚,adjectives,0,0,0,1,0,0,0,0,0,0,0
1180,珍贵,神圣,adjectives,0,2,0,4,4,4,0,0,0,2,0
1181,瘦,苗条,adjectives,4,6,6,5,3,5,3,5,5,2,5
1182,清洁,一尘不染,adjectives,0,5,5,6,5,4,6,5,6,6,6
1183,私人的,公共的,adjectives,0,0,0,2,0,0,0,0,0,0,0
1184,尖,钝,adjectives,0,0,0,2,0,0,0,0,0,0,0
1185,严肃,有趣,adjectives,0,0,0,0,0,0,0,0,0,0,0
1186,强大,强大,adjectives,5,3,5,4,4,5,5,5,4,4,4
1187,新,古老,adjectives,0,0,0,2,0,0,0,0,0,0,0
1188,珍贵,懒,adjectives,0,0,0,1,0,0,0,0,0,0,0
1189,无形,不定形,adjectives,0,0,6,6,3,3,2,2,1,3,3
1190,坏,不道德,adjectives,0,5,1,4,5,0,2,5,3,4,2
1191,理性的,清醒,adjectives,0,3,4,5,5,4,3,5,4,4,5
1192,大,宽广,adjectives,0,3,5,5,4,0,3,3,4,4,5
1193,关键,重要,adjectives,3,6,6,5,4,5,5,5,5,4,4
1194,精彩,极好,adjectives,0,5,5,4,3,5,5,5,4,1,4
1195,奇怪,古怪,adjectives,6,5,5,5,6,6,5,5,6,6,5
1196,开心,疯狂,adjectives,0,0,0,3,0,4,2,0,0,1,0
1197,闻名,流行,adjectives,1,4,5,5,4,4,4,3,2,5,3
1198,弯曲,扭曲,adjectives,1,6,4,3,3,5,0,3,5,3,5
1199,必须,重要,adjectives,4,4,4,4,3,6,2,2,4,5,4
1200,婚外,不可說出口的,adjectives,0,0,0,3,0,6,0,3,3,3,1
1201,坚强,自豪,adjectives,0,2,0,0,0,0,0,0,0,2,2
1202,开心,年轻,adjectives,0,0,0,1,0,0,0,0,0,0,0
1203,完成,完结,adjectives,6,5,3,6,5,4,6,6,4,4,5
1204,笨,傻,adjectives,5,6,5,5,5,5,6,6,6,4,5
1205,次要,重大,adjectives,0,0,0,2,0,0,0,0,0,0,0
1206,脏,非常好,adjectives,0,0,0,0,0,0,0,0,0,0,0
1207,满载,沉重,adjectives,0,3,0,1,1,0,0,0,0,1,2
1208,孤独,贫穷,adjectives,0,0,0,0,0,3,0,0,0,0,0
1209,其他,相反,adjectives,0,0,0,0,0,0,0,0,0,3,0
1210,羞耻,心烦,adjectives,0,2,0,1,0,0,0,0,0,0,0
1211,显然,明显,adjectives,5,6,6,5,5,4,4,6,5,4,4
1212,大规模,天文,adjectives,0,0,0,0,0,0,0,0,0,1,0
1213,异国情调,稀有,adjectives,0,0,0,0,0,0,0,0,0,0,0
1214,开朗,友好,adjectives,0,3,0,2,2,2,0,0,0,2,2
1215,焦躁不安,年轻,adjectives,0,0,0,0,0,0,0,0,0,0,0
1216,脏,狭窄,adjectives,0,0,0,0,0,0,0,0,0,0,0
1217,每月,每周,adjectives,2,2,0,3,3,3,0,1,0,2,2
1218,完全必要,必须,adjectives,5,6,6,4,6,5,6,5,6,6,6
1219,轻松,强调,adjectives,0,0,0,0,0,0,0,0,0,0,0
1220,大规模,巨大,adjectives,4,1,5,3,5,4,3,5,3,0,1
1221,显著的,明显,adjectives,0,0,6,5,5,6,4,5,4,5,6
1222,狭窄,白色,adjectives,0,0,0,0,0,0,0,0,0,4,0
1223,否定,从不,adjectives,0,4,2,3,3,1,0,4,3,1,0
1224,沈闷,枯燥,adjectives,0,6,6,4,4,5,4,5,5,1,3
1225,容易,灵活,adjectives,0,0,2,1,0,2,0,0,0,0,0
1226,个人,亲密,adjectives,0,0,0,0,0,0,0,0,0,0,0
1227,覆盖着,穿着衣服的,adjectives,0,4,4,3,3,3,0,3,2,3,1
1228,和蔼,残酷,adjectives,0,0,0,0,0,0,0,0,0,0,0
1229,顽固,笨,adjectives,0,3,4,1,1,4,2,1,1,1,1
1230,新鲜,宽,adjectives,0,0,0,0,0,0,0,0,0,0,0
1231,粘人,缺乏信心,adjectives,0,0,0,0,0,0,0,0,0,1,0
1232,坏,不诚实,adjectives,0,2,2,2,0,0,0,0,0,1,2
1233,美丽,精彩,adjectives,4,3,4,4,4,5,2,4,3,3,1
1234,极好,棒,adjectives,6,5,6,5,5,6,6,6,6,4,6
1235,脏,淫贱,adjectives,0,3,0,3,0,0,0,0,0,1,0
1236,坚硬,强硬,adjectives,2,6,1,6,1,4,3,3,3,3,3
1237,尖,平滑,adjectives,0,0,0,2,0,0,0,0,0,0,0
1238,羞耻,幸运,adjectives,0,0,0,1,0,0,0,0,0,0,0
1239,无知,频繁,adjectives,0,0,0,1,0,0,0,0,0,0,0
1240,坏,伟大,adjectives,0,0,0,0,0,0,0,0,0,0,0
1241,中性,冷静,adjectives,0,0,0,0,0,2,0,0,0,0,0
1242,未预见到,意料之外,adjectives,4,6,5,6,5,4,5,6,6,5,5
1243,聪明,聪慧,adjectives,5,6,6,6,4,5,6,4,5,4,6
1244,不诚实,真实,adjectives,0,0,0,0,0,0,1,0,0,0,0
1245,狡猾,机灵,adjectives,0,0,4,3,4,0,1,2,3,2,3
1246,伟大,糟糕,adjectives,0,0,0,1,0,0,0,0,0,0,0
1247,极好,疯狂,adjectives,0,0,0,1,0,0,0,0,0,3,0
1248,辣,好,adjectives,0,0,0,0,0,0,0,0,0,0,0
1249,自由,无辜,adjectives,0,0,0,1,0,0,0,0,0,0,0
1250,僵硬,简单,adjectives,0,0,0,1,0,0,0,0,0,1,0
1251,温和,尖,adjectives,0,0,0,0,0,0,0,0,0,0,0
1252,坚硬,密度大,adjectives,0,5,6,3,1,4,0,2,3,4,0
1253,易损坏,冷淡,adjectives,0,0,0,0,0,0,0,0,0,0,0
1254,简单,容易,adjectives,4,6,6,6,6,4,2,4,3,3,3
1255,新,没用过,adjectives,3,0,5,3,5,5,2,5,3,4,5
1256,不同,正常,adjectives,0,0,0,0,0,0,0,0,0,0,0
1257,害怕,急,adjectives,0,0,0,1,0,0,0,0,0,1,0
1258,没有覆蓋的,覆盖着的,adjectives,0,0,0,2,0,0,0,0,0,0,0
1259,有攻击性的,粗鲁,adjectives,0,5,0,2,2,2,0,0,0,0,3
1260,友善,大方,adjectives,4,3,4,4,3,2,3,4,3,1,1
1261,强大,弱,adjectives,0,0,0,0,0,0,0,0,0,0,0
1262,乱,难看,adjectives,0,3,0,1,0,3,0,0,0,0,0
1263,伤心,有趣,adjectives,0,0,0,1,0,0,0,0,0,0,0
1264,害怕,紧张,adjectives,2,5,0,2,2,4,2,1,1,1,2
1265,困难,简单,adjectives,0,0,0,0,0,0,0,0,0,0,1
1266,弱,辣,adjectives,0,0,0,0,0,0,0,0,0,0,0
1267,大,柔韧,adjectives,0,0,0,1,0,0,0,0,0,2,0
1268,不需要,必须,adjectives,0,0,0,2,0,0,0,0,0,0,0
1269,严酷,残酷,adjectives,1,6,5,5,4,6,5,3,4,4,4
1270,无助,脆弱,adjectives,3,4,4,0,2,3,0,1,2,0,2
1271,轻松,冷静,adjectives,0,3,4,2,0,0,0,0,0,2,0
1272,坏,可怕,adjectives,0,3,0,0,2,2,0,0,0,0,0
1273,有礼貌,合乎体统,adjectives,3,5,4,4,4,2,3,5,5,4,3
1274,短小,矬小,adjectives,2,3,1,3,4,5,2,3,2,2,2
1275,开心,生气,adjectives,0,0,0,0,0,0,0,0,0,0,0
1276,不清楚,模糊,adjectives,3,6,5,5,5,0,4,5,5,4,4
1277,开心,高兴,adjectives,6,6,5,5,5,5,6,6,6,5,6
1278,温和,适中,adjectives,3,5,5,5,3,4,3,6,5,4,1
1279,电动,甜,adjectives,0,0,0,0,0,0,0,0,0,0,0
1280,未成形,制服,adjectives,0,0,0,0,0,0,0,0,0,0,0
1281,旧,新鲜,adjectives,0,0,0,2,0,0,0,0,0,0,0
1282,狡诈,靠不住的,adjectives,0,4,1,0,2,3,4,4,3,0,3
1283,自豪,伤心,adjectives,0,0,0,1,0,2,0,0,0,0,0
1284,难得,稀少,adjectives,3,5,5,4,2,4,5,5,5,4,3
1285,个人,私人,adjectives,4,4,6,6,3,4,3,5,5,4,3
1286,孩子气,傻,adjectives,3,1,5,3,4,5,2,3,2,2,2
1287,不耐烦,焦虑,adjectives,3,3,5,4,5,2,3,5,5,2,3
1288,频繁,平均,adjectives,0,0,0,2,0,2,0,0,0,1,0
1289,新,新鲜,adjectives,3,4,5,4,4,5,5,6,3,4,1
1290,小,巨大,adjectives,0,0,0,2,0,0,0,0,0,0,0
1291,粗鲁,大声,adjectives,3,4,0,4,3,4,3,4,4,1,3
1292,机械,电动,adjectives,5,0,0,1,5,3,2,4,2,0,5
1293,困难,容易,adjectives,0,0,0,2,0,0,0,0,0,0,0
1294,奇怪,正常,adjectives,0,0,0,2,0,0,0,0,0,0,0
1295,向外,进来,adjectives,0,0,0,0,0,0,0,0,0,1,0
1296,清洁,整齐,adjectives,3,0,4,5,3,0,4,5,4,2,3
1297,停,驾驶,verbs,0,0,0,1,0,0,0,0,0,0,0
1298,保护,帮助,verbs,0,0,5,2,2,2,0,0,0,1,0
1299,忘记,忽略,verbs,3,5,2,5,4,2,1,2,4,5,3
1300,瞄准,击中,verbs,4,2,0,3,1,4,0,1,3,1,2
1301,批评,讨厌,verbs,0,1,0,1,0,0,0,0,0,1,2
1302,走,进入,verbs,0,1,0,3,2,0,0,0,0,4,1
1303,徘徊,搜索,verbs,0,0,0,2,0,0,0,0,0,1,0
1304,依赖,依靠,verbs,5,0,6,6,4,5,5,3,5,3,3
1305,借,乞求,verbs,0,0,3,5,3,0,1,0,0,0,0
1306,离开,出现,verbs,0,0,0,0,0,0,0,0,0,0,0
1307,失去,失败,verbs,0,0,0,1,0,4,0,2,0,0,0
1308,限定,澄清,verbs,0,0,0,0,0,0,0,0,0,0,0
1309,描绘,决定,verbs,0,0,0,0,0,0,0,0,0,0,0
1310,了解,原谅,verbs,0,0,0,1,2,2,0,2,0,0,0
1311,接受,拒绝,verbs,0,0,0,0,0,0,0,0,0,0,0
1312,澄清,说明,verbs,4,3,5,3,3,2,4,5,4,2,4
1313,得出结论,决定,verbs,4,3,5,3,4,0,4,4,3,5,3
1314,收集,组织,verbs,0,0,0,4,2,0,0,0,3,1,2
1315,毁灭,做,verbs,0,0,0,0,0,2,0,0,0,0,0
1316,喝,吞,verbs,0,0,0,5,0,1,2,0,1,1,2
1317,收到,抓住,verbs,0,2,0,0,0,0,0,0,0,1,0
1318,使心烦,受伤,verbs,0,0,0,1,0,0,0,0,0,0,0
1319,跟随,追逐,verbs,2,1,4,3,1,2,3,6,4,4,1
1320,借,想要,verbs,0,0,0,2,0,1,0,0,0,0,0
1321,喜爱,讨厌,verbs,0,0,0,2,0,0,0,0,0,0,0
1322,走,卖,verbs,0,0,0,0,0,0,0,0,0,0,0
1323,骑,跑,verbs,0,2,0,1,0,1,0,0,0,0,0
1324,停,警告,verbs,0,0,0,0,0,0,0,0,0,1,0
1325,敬礼,演出,verbs,0,0,0,0,0,0,0,0,0,0,0
1326,吸收,退出,verbs,0,0,0,0,0,0,0,0,0,0,0
1327,作证,判断,verbs,0,0,0,0,0,2,0,0,0,0,0
1328,退出,拒绝,verbs,0,2,3,0,0,3,0,0,0,0,0
1329,检查,检查,verbs,5,4,5,5,4,5,5,5,5,4,5
1330,相信,感觉到,verbs,0,0,4,1,4,0,0,0,0,1,0
1331,腐烂,毁灭,verbs,4,3,0,3,3,4,3,4,3,2,0
1332,变成,似乎,verbs,0,0,0,1,0,2,0,0,0,0,0
1333,煮,失去,verbs,0,0,0,0,0,0,0,0,0,0,0
1334,埋葬,死,verbs,2,4,0,2,1,4,0,3,5,0,2
1335,呼吸,呛,verbs,0,2,0,3,0,0,0,0,0,0,2
1336,发现,起源,verbs,0,0,0,1,0,2,0,0,0,0,0
1337,休会,完成,verbs,0,0,0,2,0,0,0,0,0,0,0
1338,解释,证明,verbs,2,3,4,3,5,4,4,5,4,1,1
1339,运送,携带,verbs,3,0,4,3,5,1,0,2,3,2,3
1340,找到,消失,verbs,0,0,0,0,0,0,0,0,0,0,0
1341,停,哨,verbs,0,0,0,0,0,0,0,0,0,0,0
1342,开始,走,verbs,0,0,0,1,0,0,0,0,0,1,0
1343,离开,徘徊,verbs,0,0,0,0,0,1,0,0,0,0,0
1344,给予,借,verbs,2,2,2,2,2,2,2,3,1,2,3
1345,告诉,提醒,verbs,3,3,4,4,4,3,0,3,3,1,4
1346,学习,教育,verbs,3,5,2,3,2,0,3,3,2,0,2
1347,驱逐,离开,verbs,3,6,0,3,1,2,1,3,2,1,4
1348,付款,款待,verbs,0,1,0,1,0,0,0,0,0,0,0
1349,装作,描绘,verbs,0,0,0,0,0,0,0,0,0,0,0
1350,分数,评分,verbs,4,1,0,3,4,5,4,5,3,1,2
1351,走,来,verbs,0,1,0,2,2,0,0,0,0,0,0
1352,收藏,保存,verbs,3,6,5,5,5,6,3,5,5,3,4
1353,咬,搏斗,verbs,0,2,4,1,3,3,0,3,2,0,1
1354,说谎,装作,verbs,4,4,3,3,5,0,0,1,3,1,1
1355,认识到,发现,verbs,5,6,4,5,5,0,5,3,5,4,0
1356,争论,说服,verbs,2,4,4,3,2,2,0,3,2,1,2
1357,煮沸,炒,verbs,0,4,0,3,0,0,0,0,0,0,1
1358,赦免,原谅,verbs,0,5,4,6,5,5,2,5,4,4,2
1359,生活,生存,verbs,3,3,1,3,2,5,0,3,3,2,2
1360,实现,尝试,verbs,0,0,0,0,5,3,0,0,0,1,0
1361,拒绝,谢绝,verbs,5,6,6,6,4,6,2,3,3,5,2
1362,失败,依靠,verbs,0,0,0,1,0,1,0,0,0,0,0
1363,抖动,搅拌,verbs,4,1,0,3,2,3,2,1,3,0,2
1364,拖着脚走,骑,verbs,0,0,0,0,0,0,0,0,0,0,0
1365,空出,驱逐,verbs,0,0,0,3,0,2,0,0,0,0,0
1366,同意,不同意,verbs,0,0,0,2,0,2,0,0,0,0,0
1367,得到,留,verbs,0,1,0,0,0,0,0,0,0,0,0
1368,搏斗,杀,verbs,0,5,0,3,2,3,0,0,0,0,1
1369,同意,不同,verbs,0,0,0,0,0,0,0,0,0,0,0
1370,带来,恢复,verbs,0,1,0,0,0,0,0,0,0,0,0
1371,拿,离开,verbs,0,0,0,0,0,0,0,0,0,0,0
1372,安排,需要,verbs,0,0,0,0,0,0,0,0,0,0,0
1373,尝试,想,verbs,0,0,0,1,2,3,0,0,0,0,0
1374,撕开,穿,verbs,0,0,0,0,2,0,0,0,0,0,0
1375,分析,评估,verbs,4,6,4,6,5,6,3,4,5,3,3
1376,团结,结婚,verbs,0,2,0,2,0,3,0,0,0,0,0
1377,聚集,见面,verbs,0,0,0,0,2,3,0,0,0,1,1
1378,发光,照耀,verbs,4,6,4,5,4,5,3,2,3,3,2
1379,连接,加入,verbs,0,0,0,4,2,4,0,0,0,0,0
1380,离开,忽略,verbs,0,1,0,0,0,3,0,0,0,0,0
1381,责怪,指控,verbs,4,2,4,4,4,5,3,2,2,3,4
1382,探索,发现,verbs,4,2,4,4,3,4,1,3,2,2,2
1383,想,选择,verbs,0,0,0,1,0,4,0,0,0,1,2
1384,拿,获得,verbs,4,3,5,4,5,5,2,3,4,1,2
1385,读,咬,verbs,0,0,0,0,0,0,0,0,0,0,0
1386,听,服从,verbs,3,0,4,3,2,3,4,5,5,2,1
1387,拆除,摔碎,verbs,0,0,0,2,2,2,0,0,0,1,0
1388,出席,到达,verbs,3,2,0,3,3,3,5,6,5,3,1
1389,假设,预测,verbs,5,5,4,5,5,5,5,5,5,4,5
1390,搂抱,拥抱,verbs,4,5,6,6,4,6,6,5,6,3,6
1391,安排,组织,verbs,0,0,0,0,5,0,0,0,0,3,1
1392,获得,偷,verbs,0,1,3,3,2,3,0,0,2,0,0
1393,拒绝,谴责,verbs,0,2,0,0,0,0,0,0,0,0,0
1394,创建,潜水,verbs,0,0,0,0,0,0,0,0,0,0,0
1395,偷,购买,verbs,0,0,0,2,0,2,0,0,2,0,0
1396,死,分化,verbs,0,0,0,0,0,3,0,0,0,0,0
1397,问,求情,verbs,0,0,0,1,0,2,0,0,0,0,0
1398,发送,出席,verbs,0,0,0,0,0,0,0,0,0,0,0
1399,拿,夺取,verbs,5,2,2,4,5,4,1,2,2,2,1
1400,困扰,恐吓,verbs,0,3,0,0,2,0,0,0,0,1,0
1401,了解,听,verbs,0,0,0,3,0,4,3,2,2,1,0
1402,搜索,找,verbs,5,5,5,5,6,5,4,5,5,4,4
1403,打败,赢,verbs,4,5,3,4,5,5,5,6,6,3,3
1404,运输,电梯,verbs,0,0,0,0,3,4,0,1,3,2,3
1405,担心,浪费,verbs,0,0,0,0,0,0,0,0,0,0,0
1406,擦亮,知会,verbs,0,0,0,0,0,0,0,0,0,0,0
1407,给予,拒绝,verbs,0,0,0,0,0,0,0,0,0,0,0
1408,争论,需求,verbs,0,0,0,0,0,3,0,0,0,0,0
1409,搜索,查询,verbs,4,6,5,4,3,4,4,5,4,3,1
1410,加入,加,verbs,5,4,5,5,0,5,4,6,5,1,1
1411,使灰心,使气馁,verbs,5,6,6,3,5,3,5,6,5,5,3
1412,拯救,救援,verbs,5,5,6,4,5,6,4,6,5,3,3
1413,杀,掐死,verbs,3,5,5,5,5,5,3,5,5,5,3
1414,成为,出现,verbs,0,0,0,0,0,0,0,0,4,0,0
1415,拿,交付,verbs,0,0,0,1,0,1,0,0,0,0,0
1416,混合,喝,verbs,0,0,0,0,0,0,0,0,0,0,0
1417,倒,滴,verbs,0,1,0,2,0,3,0,0,2,0,0
1418,减少,降落,verbs,0,0,0,0,0,2,0,0,0,0,0
1419,假设,装作,verbs,5,1,2,1,3,4,1,2,3,0,3
1420,选择,挑选,verbs,0,3,5,5,3,5,2,4,5,2,5
1421,守规矩,服从,verbs,4,6,5,4,4,5,5,5,3,1,2
1422,加,建立,verbs,0,1,0,3,4,3,0,0,0,0,0
1423,选择,选举,verbs,3,3,4,1,2,5,0,4,5,1,2
1424,混合,溶解,verbs,0,1,1,2,0,2,0,0,0,0,0
1425,失去,减去,verbs,1,2,1,2,5,4,0,2,2,1,0
1426,接受,谢绝,verbs,0,0,0,2,0,2,0,0,0,0,0
1427,恳求,乞求,verbs,5,3,4,5,3,6,3,4,5,2,4
1428,扼杀,拥抱,verbs,0,0,0,0,0,0,0,0,0,0,0
1429,淋透,减少,verbs,0,0,0,0,0,0,0,0,0,0,0
1430,得到,放,verbs,0,0,0,0,0,0,0,0,0,0,0
1431,带来,抱怨,verbs,0,0,0,1,0,1,0,0,0,0,0
1432,竞争,完成,verbs,0,0,0,0,0,0,0,0,0,0,0
1433,订婚,结婚,verbs,3,4,0,3,2,4,0,0,2,3,5
1434,抱怨,争论,verbs,0,5,4,2,2,4,0,2,2,0,2
1435,来,出席,verbs,3,0,0,3,5,3,5,4,5,5,2
1436,开始,戒除,verbs,0,0,0,0,0,0,0,0,0,0,0
1437,失去,保持,verbs,0,0,0,1,0,1,0,0,0,0,0
1438,达到,完成,verbs,0,0,1,4,3,5,5,5,4,4,5
1439,煮,炒,verbs,0,1,0,1,0,1,0,0,0,0,2
1440,欠,借,verbs,0,0,0,2,0,2,0,0,0,0,0
1441,拒绝,避免,verbs,0,5,0,2,3,2,0,1,3,1,0
1442,给予,借,verbs,2,2,3,3,2,2,2,3,2,2,3
1443,准许,赞成,verbs,0,6,5,5,5,5,3,3,4,3,3
1444,说话,低语,verbs,2,5,4,3,3,3,4,3,3,1,2
1445,暂停,等待,verbs,0,5,2,3,3,3,2,3,3,2,0
1446,给,放,verbs,0,0,0,0,3,0,0,0,0,0,0
1447,调查,检查,verbs,4,5,1,3,3,5,0,2,3,1,4
1448,拿,收到,verbs,0,0,1,3,4,3,0,2,3,1,1
1449,寻求,搜索,verbs,4,4,2,3,3,3,4,6,4,2,4
1450,练习,重复,verbs,0,0,4,2,2,2,2,2,3,1,1
1451,保护,防御,verbs,2,5,5,5,5,5,4,3,4,3,3
1452,惩罚,服从,verbs,0,0,0,1,0,1,0,0,0,0,0
1453,加入,获得,verbs,0,1,0,0,0,0,0,0,0,0,0
1454,学习,听,verbs,0,0,0,2,0,3,0,0,0,1,0
1455,听,听见,verbs,5,6,6,5,5,5,3,3,4,1,4
1456,声明放弃,压抑,verbs,0,0,0,0,0,0,0,0,0,0,0
1457,聚集,收集,verbs,4,5,4,4,1,4,0,2,5,0,1
1458,成长,增加,verbs,0,0,0,2,1,4,0,0,0,3,0
1459,同意,争论,verbs,0,0,0,2,0,2,0,0,0,0,0
1460,掌握,理解,verbs,4,6,5,4,5,4,4,6,5,4,0
1461,争论,辩解,verbs,4,5,5,4,3,4,4,4,3,3,3
1462,掩盖,埋葬,verbs,5,2,4,3,2,3,0,2,2,4,0
1463,离开,走开,verbs,5,3,5,5,3,5,3,6,5,2,3
1464,断绝亲子关系,疏忽,verbs,0,0,0,0,0,0,0,0,0,0,0
1465,争论,不同,verbs,0,0,0,0,0,3,0,0,0,0,0
1466,乘,除,verbs,0,1,0,2,0,2,0,0,0,0,1
1467,理解,满足,verbs,0,2,0,1,0,1,1,0,0,0,0
1468,走,发送,verbs,0,0,0,0,0,0,0,0,0,1,0
1469,定位,找到,verbs,0,2,0,0,0,3,1,0,0,1,2
1470,打印,忽略,verbs,0,0,0,0,0,0,0,0,0,0,0
1471,努力,阻碍,verbs,0,0,0,0,0,0,0,0,0,0,0
1472,描绘,通知,verbs,0,0,0,0,0,0,0,0,0,0,0
1473,获得,得到,verbs,4,5,6,6,5,6,3,6,5,3,3
1474,否认,说谎,verbs,0,0,0,1,2,3,1,0,0,0,0
1475,羞辱,安慰,verbs,0,0,0,1,0,1,0,0,0,0,0
1476,乞求,问,verbs,0,1,2,2,0,3,0,0,0,1,0
1477,杀,毁灭,verbs,5,0,2,4,3,4,2,5,5,4,2
1478,裂开,分离,verbs,4,3,4,5,5,5,0,3,3,1,2
1479,禁止,停止,verbs,5,3,4,5,3,5,0,4,2,1,2
1480,责怪,推,verbs,0,0,0,1,0,3,0,0,0,0,0
1481,闻,溺爱,verbs,0,0,0,0,0,0,0,0,0,0,0
1482,欺骗,作弊,verbs,4,0,4,3,3,3,3,2,4,1,3
1483,逮捕,怀疑,verbs,0,0,0,0,0,4,0,0,0,0,0
1484,吸收,拥有,verbs,0,0,0,0,0,3,0,2,0,0,0
1485,接受,拒绝,verbs,1,0,0,0,1,1,1,1,0,0,0
1486,编织,移动,verbs,0,0,0,0,0,0,0,0,0,0,0
1487,打扰,加剧,verbs,0,0,0,0,0,0,0,0,0,0,0
1488,做,戒除,verbs,0,0,0,0,0,0,0,0,0,0,0
1489,同意,接受,verbs,4,3,5,5,3,5,4,3,4,2,3
1490,知道,理解,verbs,5,4,5,4,4,4,5,2,4,3,2
1491,拿,拥有,verbs,0,0,0,0,0,3,0,0,1,0,0
1492,崇拜,敬佩,verbs,5,5,4,5,5,5,4,3,5,4,5
1493,同意,使满意,verbs,2,5,1,2,3,2,0,4,2,0,1
1494,做,建造,verbs,5,3,3,0,5,0,4,3,3,0,1
1495,选举,拒绝,verbs,0,0,0,0,0,0,0,0,0,0,0
1496,摔碎,打碎,verbs,3,6,4,5,4,5,3,3,4,2,4
1497,做,成为,verbs,0,3,0,3,5,4,4,3,2,0,1
1498,毁灭,建造,verbs,0,0,0,2,0,2,0,0,0,0,0
1499,毁灭,保留,verbs,0,0,0,1,0,1,0,0,0,0,0
1500,让,允许,verbs,4,3,4,4,4,4,5,3,2,2,3
1501,冲洗,洗,verbs,5,5,6,5,5,5,5,5,4,1,5
1502,给,知道,verbs,0,0,0,0,0,0,0,0,0,0,0
1503,退休,退出,verbs,0,4,1,3,3,3,0,1,3,1,1
1504,交易,卖,verbs,3,3,3,3,3,3,3,3,3,2,2
1505,忘记,学习,verbs,0,0,0,0,0,0,0,0,0,0,0
1506,建议,推荐,verbs,0,5,5,4,4,4,5,6,5,3,2
1507,跛行,步行,verbs,4,3,3,3,2,3,2,3,3,1,1
1508,讨厌,蔑视,verbs,4,6,4,2,3,4,3,2,3,1,1
1509,想,决定,verbs,0,0,0,1,0,3,0,0,0,1,0
1510,减少,收缩,verbs,4,0,4,4,4,5,4,3,5,1,2
1511,爬,远足,verbs,0,0,0,2,2,2,0,0,0,0,0
1512,啜,大口地吃,verbs,0,0,0,1,0,1,0,0,2,0,0
1513,获得,取得,verbs,4,5,5,6,5,6,3,4,5,1,3
1514,坠落,伤害,verbs,0,0,0,0,2,4,0,0,0,0,0
1515,捏,用拳猛击,verbs,0,0,0,2,0,2,0,0,0,0,0
1516,问,祈祷,verbs,0,0,0,2,0,3,0,0,0,1,0
1517,给,允许,verbs,0,0,0,3,0,4,0,3,0,1,0
1518,忽略,避免,verbs,0,0,0,0,0,0,0,0,0,0,0
1519,离开,遇见,verbs,0,0,0,2,0,2,0,0,0,0,0
1520,假设,预测,verbs,5,4,5,5,4,5,5,4,5,4,5
1521,收割,获得,verbs,4,0,4,3,5,3,0,3,4,1,1
1522,欲望,想要,verbs,4,4,5,5,5,5,4,3,5,3,3
1523,得罪,打扰,verbs,1,2,4,2,1,4,0,2,2,3,0
1524,沉思,想,verbs,4,4,5,4,3,4,4,3,3,4,2
1525,接受,推荐,verbs,0,0,0,0,0,3,0,0,0,0,0
1526,付款,购买,verbs,5,3,6,3,1,4,0,2,3,3,1
1527,混合,联合,verbs,5,0,0,3,3,3,0,2,1,0,1
1528,发送,收到,verbs,0,2,0,2,0,2,0,0,0,0,1
1529,创建,想像,verbs,0,0,1,3,0,3,0,0,0,0,1
1530,实现,成功,verbs,4,0,0,2,3,2,0,3,5,1,2
1531,想,合理的解释,verbs,0,0,0,2,0,2,0,0,0,0,0
1532,保持,给,verbs,0,2,0,0,0,0,0,0,0,0,0
1533,说话,听见,verbs,0,0,0,2,0,2,0,0,0,0,1
1534,允许,反驳,verbs,0,0,0,0,0,0,0,0,0,0,0
1535,满足,使满意,verbs,6,6,6,4,5,4,5,6,5,0,2
1536,走,允许,verbs,0,0,0,0,0,0,0,0,0,0,0
1537,喝,啜,verbs,1,0,0,4,2,5,0,3,3,0,1
1538,控制,停止,verbs,0,0,0,1,0,1,0,0,0,1,0
1539,开始,起源,verbs,5,5,5,5,3,5,0,3,5,5,2
1540,成功,尝试,verbs,0,0,0,0,0,3,0,0,0,0,0
1541,搏斗,不同意,verbs,0,0,0,0,0,0,0,0,0,0,0
1542,进入,欠,verbs,0,0,0,0,0,0,0,0,0,0,0
1543,加入,结婚,verbs,0,0,0,0,0,3,0,0,0,0,0
1544,减少,限制,verbs,3,4,4,2,3,2,0,3,2,4,0
1545,创建,建立,verbs,5,5,4,6,5,6,5,4,5,3,3
1546,赢,成功,verbs,3,5,4,4,3,5,5,5,4,0,3
1547,启,开始,verbs,3,6,6,5,4,6,5,6,6,0,1
1548,使惊奇,庆祝,verbs,0,2,0,0,0,3,0,0,0,0,0
1549,吸收,学习,verbs,4,0,4,3,4,3,3,3,4,1,3
1550,任命,选举,verbs,0,2,0,0,0,3,0,0,0,0,2
1551,漂移,流,verbs,0,3,3,1,0,4,0,4,3,2,2
1552,拿,偷,verbs,0,1,2,2,1,3,1,0,0,1,0
1553,出现,发生,verbs,0,0,5,3,4,4,3,3,4,1,0
1554,代替,恢复,verbs,0,0,0,0,0,0,0,0,0,0,0
1555,消失,消逝,verbs,4,3,3,4,4,3,4,4,3,3,4
1556,烘烤,炒,verbs,0,5,0,2,0,2,0,0,0,0,2
1557,抓住,放走,verbs,0,0,0,0,0,3,0,0,0,0,0
1558,匆匆地写,写,verbs,0,5,5,4,3,4,3,3,5,3,2
1559,借,卖,verbs,0,0,0,0,0,3,0,0,3,0,0
1560,比较,分析,verbs,0,0,5,3,2,4,3,4,3,4,2
1561,扼杀,制服,verbs,0,0,1,0,0,0,0,0,0,0,0
1562,到达,离开,verbs,0,0,0,0,0,3,0,0,0,0,0
1563,保持,保护,verbs,0,1,0,1,0,1,0,0,0,0,0
1564,团结,领带,verbs,0,0,0,0,0,0,0,0,0,0,0
1565,戏弄,伤害,verbs,0,2,0,1,0,3,0,0,0,1,0
1566,清醒,打鼾,verbs,0,0,0,2,0,2,0,0,0,0,0
1567,蔑视,收费,verbs,0,0,0,0,0,0,0,0,0,0,0
1568,关闭,呕吐,verbs,0,0,0,0,0,0,0,0,0,0,0
1569,保持,拥抱,verbs,0,0,0,0,0,0,0,0,0,0,0
1570,包括,包含,verbs,5,4,6,6,6,6,6,6,6,4,3
1571,携带,带来,verbs,3,4,4,4,2,5,0,3,5,2,1
1572,撞,摔碎,verbs,0,0,3,3,2,3,0,0,3,0,1
1573,想,查询,verbs,0,0,0,0,0,2,0,0,0,0,0
1574,离开,參加,verbs,0,0,0,2,0,2,0,0,0,0,0
1575,划分,团结,verbs,0,0,0,2,0,2,0,0,0,0,0
1576,提醒,卖,verbs,0,0,0,0,0,0,0,0,0,0,0
1577,撤退,离开,verbs,0,6,4,4,5,6,2,3,3,2,3
1578,离开,等待,verbs,0,0,0,2,0,2,0,0,0,0,0
1579,喝,提高,verbs,0,0,0,0,0,0,0,0,0,0,0
1580,知道,相信,verbs,0,1,0,1,0,4,1,0,0,3,0
1581,得到,购买,verbs,0,0,2,2,0,3,0,0,0,1,1
1582,放,挂,verbs,0,0,0,3,3,4,0,0,0,0,0
1583,争论,证明,verbs,0,2,0,1,3,5,0,2,2,3,1
1584,判断,决定,verbs,4,5,4,2,5,5,0,3,1,2,2
1585,推,拉,verbs,0,0,0,2,0,2,0,0,0,0,1
1586,辩论,争论,verbs,0,5,5,4,2,4,3,3,3,3,3
1587,出席,争论,verbs,0,0,0,1,0,1,0,0,0,0,0
1588,使满意,娱乐,verbs,0,1,3,1,0,3,0,0,0,0,0
1589,促进,前进,verbs,0,0,4,3,1,5,0,3,2,1,0
1590,扩大,成长,verbs,3,2,4,0,1,5,0,3,3,1,0
1591,做,赚,verbs,0,0,0,2,0,2,0,0,0,0,0
1592,记得,想,verbs,0,0,0,0,0,4,0,0,0,0,0
1593,指控,说谎,verbs,0,1,0,1,0,1,0,0,0,0,0
1594,组织,成为,verbs,0,0,0,0,0,0,0,0,0,0,0
1595,做,发生,verbs,0,0,0,0,0,0,0,0,0,0,0
1596,挤压,拥抱,verbs,0,0,0,2,0,3,0,0,0,0,0
1597,完成,成为,verbs,0,5,0,0,0,3,0,0,0,0,0
1598,请,求情,verbs,0,6,3,2,2,2,2,3,1,2,2
1599,攻击,加剧,verbs,0,0,0,2,0,2,0,0,0,0,0
1600,追求,说服,verbs,0,0,0,1,0,1,0,0,0,0,0
1601,裂开,打破,verbs,4,6,0,3,2,3,0,1,1,1,1
1602,学习,评估,verbs,0,0,0,2,2,2,0,0,0,0,0
1603,校验,辩解,verbs,0,2,0,1,0,1,0,0,0,0,0
1604,避免,拒绝,verbs,0,2,0,0,4,0,0,0,0,0,0
1605,攻击,伤害,verbs,0,5,5,4,5,4,0,4,3,2,2
1606,察觉,听,verbs,0,0,4,1,4,3,0,0,0,2,0
1607,放开,按下,verbs,0,0,0,0,0,0,0,0,0,0,0
1608,接受,原谅,verbs,4,2,2,3,2,3,4,2,4,1,1
1609,给,偷,verbs,0,0,0,2,0,2,0,0,0,0,0
1610,出现,出席,verbs,3,3,4,4,2,4,3,4,3,3,1
1611,教,教育,verbs,4,5,2,6,5,5,4,5,5,3,2
1612,绊倒,摔倒,verbs,0,3,4,4,4,4,3,2,4,2,3
1613,说话,承认,verbs,0,0,0,2,2,2,0,0,0,0,0
1614,发抖,冻结,verbs,0,0,0,0,0,3,0,0,0,0,0
1615,收到,接受,verbs,0,4,2,2,0,2,0,0,0,0,0
1616,撤离,确定,verbs,0,0,0,0,0,0,0,0,0,0,0
1617,穿,侵蚀,verbs,0,0,0,0,0,3,0,0,0,0,0
1618,杀,防守,verbs,0,0,0,2,0,2,0,0,0,0,0
1619,举起,提高,verbs,5,4,5,5,3,5,1,3,4,4,0
1620,赌,打赌,verbs,4,3,6,4,4,4,5,5,5,4,5
1621,保持,借,verbs,0,0,0,0,0,0,0,0,0,0,0
1622,救,保护,verbs,3,3,1,2,5,4,0,3,4,1,1
1623,失去,得到,verbs,0,0,0,2,0,2,0,0,0,0,0
1624,打招呼,遇见,verbs,0,0,0,2,0,2,0,0,0,1,1
1625,唱,浮动,verbs,0,0,0,0,0,0,0,0,0,0,0
1626,协助,援助,verbs,5,5,4,5,3,6,0,4,3,3,2
1627,说,校验,verbs,0,0,0,0,0,0,0,0,0,0,0
1628,承诺,发誓,verbs,4,6,4,5,5,5,0,3,5,4,2
1629,折断,捏碎,verbs,4,5,0,3,2,3,0,0,2,1,2
1630,搅拌,混合,verbs,4,4,5,4,4,4,2,4,3,2,3
1631,降落,撤退,verbs,0,0,0,0,1,0,0,0,0,0,0
1632,到达,来,verbs,4,1,3,2,0,2,5,5,5,2,2
1633,声明,宣告,verbs,4,5,4,4,4,4,5,5,4,3,4
1634,步行,站立,verbs,0,0,0,1,2,1,0,0,0,0,0
1635,失败,使气馁,verbs,5,2,4,3,5,3,0,4,5,1,1
1636,侮辱,得罪,verbs,3,0,3,3,5,4,3,4,3,1,2
1637,花费,节约,verbs,0,3,0,2,0,2,0,0,0,0,0
1638,侵蚀,褪色,verbs,0,0,0,2,1,3,0,0,0,1,0
1639,收缩,成长,verbs,0,0,0,0,0,2,0,0,0,0,0
1640,忽略,问,verbs,0,0,0,1,0,1,0,0,0,0,0
1641,成功,失败,verbs,0,0,0,2,0,2,0,0,0,0,0
1642,教,惩罚,verbs,0,0,1,2,0,2,0,0,0,0,1
1643,知会,通知,verbs,3,0,6,5,5,0,5,6,5,1,2
1644,争论,合理的解释,verbs,3,2,2,2,5,2,2,2,3,1,1
1645,击败,鞭打,verbs,0,0,0,0,0,3,1,0,0,0,0
1646,允许,侵蚀,verbs,0,0,0,0,0,0,0,0,0,0,0
1647,把握,握紧,verbs,2,3,4,3,3,4,4,3,3,3,2
1648,撞击,碰撞,verbs,3,5,6,4,3,4,0,3,4,1,3
1649,杀,绞刑,verbs,0,4,5,4,3,4,0,3,4,4,1
1650,带来,发送,verbs,0,0,0,0,0,0,1,0,0,0,0
1651,需求,训斥,verbs,0,0,0,1,0,1,0,0,0,0,0
1652,匆忙,赶,verbs,4,3,6,4,4,4,5,6,6,1,1
1653,逃跑,逃走,verbs,6,6,6,6,5,6,6,6,6,5,4
1654,赢得,完成,verbs,2,5,0,2,1,4,0,4,4,0,1
1655,否认,承认,verbs,0,0,0,2,0,2,0,0,0,0,0
1656,拿,携带,verbs,3,2,5,4,4,4,0,3,4,1,1
1657,大笑,唱,verbs,0,0,0,0,0,0,0,0,0,0,0
1658,刺激,对抗,verbs,0,0,0,0,0,0,0,0,0,0,1
1659,大笑,哭,verbs,0,0,0,2,0,2,0,0,0,0,0
1660,聚集,出席,verbs,0,0,1,1,0,3,0,0,0,0,1
1661,合作,参与,verbs,0,4,0,2,0,2,0,0,0,0,0
1662,说,参与,verbs,0,0,0,0,0,0,0,0,0,0,0
1663,瞇,怒视,verbs,0,0,0,2,0,2,0,0,0,0,0
1664,发出恶臭,发出气味,verbs,4,0,4,3,3,3,3,3,3,1,1
1665,调查,追求,verbs,0,0,0,0,0,3,0,0,0,0,0
1666,傻笑,大笑,verbs,5,3,4,4,4,4,0,3,3,1,3
1667,保留,保持,verbs,4,3,5,5,4,5,0,3,3,3,0
1668,绑,编织,verbs,3,0,4,3,4,3,0,1,1,1,1
1669,克服,统治,verbs,0,0,0,1,0,1,0,0,0,0,0
1670,收到,实现,verbs,0,0,0,0,0,0,0,0,0,0,0
1671,保持,拥有,verbs,0,3,2,0,0,0,0,0,0,0,0
1672,参与,加入,verbs,4,4,6,4,4,4,5,5,5,3,2
1673,恶化,擦,verbs,0,0,0,0,0,0,0,0,0,0,0
1674,分离,连接,verbs,0,0,0,2,0,2,0,0,0,0,0
1675,珍爱,保持,verbs,0,0,0,2,0,3,0,0,0,0,0
1676,煮,混合,verbs,0,0,3,0,0,0,0,0,0,0,0
1677,批评,评论说,verbs,0,0,4,3,1,4,0,4,0,1,1
1678,鼓励,使气馁,verbs,0,0,0,2,0,2,0,0,0,0,0
1679,离开,进入,verbs,0,0,0,2,0,2,0,0,0,0,0
1680,偷,绑架,verbs,0,1,1,1,0,3,0,0,0,0,0
1681,提醒,忘记,verbs,0,0,0,2,0,2,0,0,0,0,0
1682,离开,留,verbs,0,0,0,0,0,2,0,0,0,0,0
1683,原谅,忘记,verbs,0,2,0,1,2,1,0,0,0,0,0
1684,创建,毁灭,verbs,0,0,0,2,0,2,0,0,0,0,0
1685,叫喊,尖叫,verbs,5,2,5,5,3,5,2,3,3,1,5
1686,判断,指控,verbs,0,2,0,1,2,3,0,0,0,0,0
1687,需要,查询,verbs,0,3,0,0,0,0,0,0,0,0,0
1688,等待,留,verbs,0,0,0,3,4,4,0,0,0,2,0
1689,打,混合,verbs,0,0,0,0,0,0,0,0,0,0,0
1690,接受,相信,verbs,0,0,5,3,0,4,0,0,0,0,0
1691,搜索,狩猎,verbs,0,0,0,2,1,3,2,0,0,0,0
1692,装作,似乎,verbs,0,0,0,0,0,3,0,0,0,0,0
1693,使心烦,使气馁,verbs,0,6,1,3,2,4,2,4,3,0,0
1694,摇动,收集,verbs,0,0,0,0,1,0,0,0,0,0,0
1695,打扰,扰乱,verbs,4,5,4,5,4,5,3,3,4,2,3
1696,来,带来,verbs,2,4,0,0,0,4,0,3,5,0,1
1697,完成,毕业,verbs,3,0,1,2,1,4,3,3,5,1,3
1698,创建,做,verbs,0,0,0,1,2,1,0,2,3,0,0
1699,旅行,走,verbs,0,0,0,1,0,1,0,0,0,1,0
1700,赢,统治,verbs,0,0,0,2,0,2,0,0,0,0,0
1701,装作,想像,verbs,0,0,0,0,0,2,0,0,0,0,0
1702,理解,知道,verbs,5,0,5,3,4,4,5,2,3,2,2
1703,值得,赚,verbs,0,0,3,0,2,4,0,0,2,2,1
1704,分离,离开,verbs,4,3,1,1,3,1,3,2,3,1,3
1705,表达,说,verbs,0,5,4,3,3,3,5,3,4,4,2
1706,掩盖,保护,verbs,0,0,3,4,2,4,0,0,0,0,0
1707,读,理解,verbs,0,0,0,1,0,4,0,0,0,1,1
1708,刺激,对抗,verbs,6,4,5,5,4,3,3,4,4,4,4
1709,决定,选择,verbs,5,0,4,5,4,5,3,5,4,5,2
1710,获得,找到,verbs,4,0,1,3,1,3,2,3,3,1,3
1711,确定,预测,verbs,0,0,0,0,0,2,0,0,0,0,0
1712,讨论,说明,verbs,0,3,2,3,2,3,0,3,3,1,2
1713,抓住,追逐,verbs,3,3,0,3,3,3,0,3,2,3,1
1714,打,吸引,verbs,0,0,0,0,0,0,0,0,0,0,0
1715,给,断绝亲子关系,verbs,0,0,0,0,0,0,0,0,0,0,0
1716,烧伤,扼杀,verbs,0,0,0,0,0,3,0,0,0,0,0
1717,游泳,遇见,verbs,0,0,0,0,0,0,0,0,0,0,0
1718,沟通,祈祷,verbs,0,0,0,1,2,4,0,0,0,0,0
1719,接受,运送,verbs,0,0,0,0,0,0,0,0,0,0,0
1720,忘记,知道,verbs,0,0,0,0,0,0,0,0,0,0,0
1721,恢复,修理,verbs,0,3,3,4,1,5,0,3,3,0,2
1722,合作,參加,verbs,0,2,0,0,1,4,0,0,0,0,0
1723,杂乱无章,井井有条,verbs,0,0,0,2,0,2,0,0,0,0,0
1724,留,保留,verbs,5,6,1,4,2,4,5,3,5,3,2
1725,捕获,模仿,verbs,0,0,0,0,0,0,0,0,0,0,0
1726,玩,搏斗,verbs,0,1,0,1,1,1,0,0,0,0,0
1727,接受,承认,verbs,4,2,6,4,1,4,5,5,3,1,1
1728,争论,叫喊,verbs,0,3,1,2,2,2,0,0,2,0,0
1729,哭,哭泣,verbs,5,6,6,6,6,6,6,6,6,6,5
1730,溶解,熔化,verbs,5,5,3,4,4,4,3,3,5,1,5
1731,加,除,verbs,0,0,0,2,0,2,0,0,0,0,1
1732,乘,加,verbs,0,0,0,2,0,2,0,0,0,0,1
1733,踢,伤害,verbs,0,2,0,2,2,3,0,0,0,0,0
1734,声明放弃,断绝亲子关系,verbs,0,3,0,2,0,4,0,2,3,0,0
1735,承认,通知,verbs,0,0,0,0,0,0,0,0,0,0,0
1736,学习,迷惑,verbs,0,0,0,0,0,0,0,0,0,0,0
1737,哭泣,哭,verbs,6,6,6,6,6,6,6,6,6,6,5
1738,建议,劝告,verbs,0,0,3,5,3,5,3,2,4,5,2
1739,模仿,描绘,verbs,0,0,0,0,2,0,0,2,0,0,1
1740,享受,娱乐,verbs,0,0,0,3,0,3,3,2,0,0,0
1741,捕获,抓住,verbs,6,5,5,5,4,6,1,3,5,0,3
1742,找到,逃逸,verbs,0,0,0,0,0,0,0,0,0,0,0
1743,搜索,看,verbs,0,0,2,1,0,1,4,1,2,1,0
1744,说服,争论,verbs,0,4,4,3,4,3,0,3,2,2,2
1745,偏见,倾向,verbs,5,2,3,3,1,3,0,2,2,3,2
1746,降低,减少,verbs,5,3,6,6,4,6,0,2,3,3,4
1747,忽略,探索,verbs,0,0,0,0,0,0,0,0,0,0,0
1748,试着,打算,verbs,0,0,5,2,4,0,0,4,3,1,1
1749,解决,完成,verbs,0,0,5,1,2,4,0,2,3,0,1
1750,涂抹,传播,verbs,0,0,0,2,2,4,0,0,0,0,0
1751,宣布,宣告,verbs,4,6,5,5,4,5,4,6,5,3,5
1752,尝试,说服,verbs,0,0,0,2,1,2,2,0,0,0,0
1753,打中,没打中,verbs,0,0,0,2,0,2,0,0,0,0,0
1754,漫游,徘徊,verbs,5,5,1,2,4,5,0,3,3,2,3
1755,发射,发送,verbs,0,6,4,4,1,5,3,2,5,0,2
1756,掩饰,伪装,verbs,4,5,5,4,3,4,4,4,6,2,3
1757,帮忙,问,verbs,0,0,0,1,0,1,0,0,0,0,0
1758,收到,给予,verbs,0,0,0,0,0,0,0,0,0,0,0
1759,救,淹,verbs,0,1,0,0,0,0,0,0,0,0,0
1760,创建,画,verbs,0,0,2,0,0,0,0,0,0,0,0
1761,改变,更改,verbs,4,3,6,5,4,5,2,3,4,1,5
1762,观看,观察,verbs,4,3,4,5,4,5,4,5,6,2,6
1763,消失,收缩,verbs,0,0,0,0,2,0,0,0,0,1,0
1764,惩罚,击中,verbs,0,0,0,0,0,0,0,0,0,0,0
1765,忘记,保留,verbs,0,0,0,0,0,2,0,0,0,0,0
1766,好心地,仁慈地,adverbs,5,6,6,5,4,5,4,3,5,3,5
1767,从不,诚实地,adverbs,0,0,0,0,0,0,0,0,0,0,0
1768,忠诚地,诚实地,adverbs,6,6,4,5,1,5,6,5,6,1,4
1769,有意义地,特别,adverbs,0,5,4,5,4,5,4,3,3,0,0
1770,异常地,一般,adverbs,0,0,0,0,0,0,0,0,0,0,0
1771,积极地,大概,adverbs,0,0,0,0,0,0,0,0,0,0,0
1772,准确地,积极地,adverbs,0,3,0,1,2,1,0,0,0,0,0
1773,坚固地,紧紧,adverbs,6,4,1,5,3,5,3,3,5,1,2
1774,谨慎地,有礼貌地,adverbs,0,2,1,2,0,2,0,0,0,0,0
1775,之前,之后,adverbs,0,0,0,2,0,2,0,0,0,0,0
1776,安全地,高高兴兴地,adverbs,0,0,0,1,0,3,0,0,0,0,0
1777,立即,不久,adverbs,2,3,0,1,3,1,2,2,3,1,2
1778,感情上,伤心地,adverbs,0,3,0,1,0,4,2,0,0,0,0
1779,主要地,末期地,adverbs,0,0,0,0,0,0,0,0,0,0,0
1780,精确地,不准确地,adverbs,0,0,0,2,0,2,0,0,0,0,0
1781,稍后,从不,adverbs,0,0,0,1,0,1,0,0,0,0,0
1782,轻轻的,坚固地,adverbs,0,0,0,0,0,0,0,0,0,0,0
1783,明亮地,轻轻地,adverbs,0,0,0,0,0,0,0,0,0,0,0
1784,今天晚上,今天,adverbs,0,2,4,4,2,4,3,3,3,0,1
1785,本地,紧密地,adverbs,0,0,0,1,0,1,0,0,0,0,0
1786,现在,这里,adverbs,0,0,0,3,0,5,0,5,5,4,0
1787,紧紧地,难以置信地,adverbs,0,0,0,0,0,0,0,0,0,0,0
1788,大声地,轻轻的,adverbs,0,0,0,0,0,0,0,0,0,0,0
1789,通常,日常,adverbs,4,0,2,3,2,3,5,5,5,3,3
1790,危险地,小心地,adverbs,0,0,0,0,0,4,0,0,0,0,0
1791,最近,现实地,adverbs,0,0,0,0,0,0,0,0,0,0,0
1792,可靠,负责任,adverbs,4,4,5,3,5,5,0,5,5,1,2
1793,本来,创造性地,adverbs,0,0,0,0,0,0,0,0,0,0,0
1794,必然,实质上,adverbs,0,0,0,1,2,1,0,0,0,0,0
1795,重要地,真实地,adverbs,0,0,0,0,0,0,0,0,0,0,0
1796,死气沉沉的,高高兴兴地,adverbs,0,0,0,2,0,2,0,0,0,0,0
1797,冷静地,坚固地,adverbs,0,0,0,2,0,2,0,0,0,0,0
1798,关键地,实质上,adverbs,0,3,0,0,0,3,0,0,0,0,0
1799,紧张地,焦急地,adverbs,5,6,5,5,3,5,2,4,4,1,2
1800,大致地,容易地,adverbs,0,0,0,0,0,0,0,0,0,0,0
1801,自豪地,和平地,adverbs,0,0,0,1,0,1,0,0,0,0,0
1802,通常,真诚地,adverbs,0,0,0,0,0,0,0,0,0,0,0
1803,大致,不耐烦地,adverbs,0,0,0,0,0,0,0,0,0,0,0
1804,异常,奇怪地,adverbs,4,2,5,4,5,6,4,2,3,1,5
1805,自然地,非自然,adverbs,0,0,0,2,0,2,0,0,0,0,0
1806,正式地,重要的,adverbs,0,3,0,0,5,3,0,0,0,0,0
1807,一致地,有时,adverbs,0,0,0,0,0,0,0,0,0,0,0
1808,准确地,精确地,adverbs,6,6,6,6,5,6,6,5,4,4,6
1809,看来,简直,adverbs,0,0,3,3,0,4,1,0,0,1,0
1810,清楚地,当然,adverbs,0,0,2,0,0,0,0,3,0,0,0
1811,全然地,完全地,adverbs,6,4,6,4,4,4,6,4,6,1,5
1812,当然,显然,adverbs,4,3,5,1,2,5,3,2,2,2,2
1813,慷慨地,好心地,adverbs,0,5,5,3,5,5,0,0,3,1,2
1814,真实地,完美地,adverbs,0,0,0,1,0,3,0,0,0,0,0
1815,自豪的,谦逊地,adverbs,0,1,0,2,0,2,0,0,0,0,0
1816,舒服地,容易地,adverbs,2,2,2,0,2,4,0,0,2,1,2
1817,不同的,奇怪地,adverbs,0,2,0,1,0,1,0,0,0,0,0
1818,当然,有时,adverbs,0,0,0,0,0,0,0,0,0,0,0
1819,微妙地,目前,adverbs,0,0,0,0,0,0,0,0,0,0,0
1820,小心地,安全地,adverbs,1,3,3,4,5,4,0,2,4,1,1
1821,认真地,真诚地,adverbs,0,5,4,3,4,3,3,3,4,1,1
1822,公开地,大规模,adverbs,0,1,0,5,0,5,0,0,0,0,0
1823,正式,强烈地,adverbs,0,0,2,1,0,4,0,0,0,0,0
1824,马上,一次,adverbs,0,0,0,0,0,0,0,0,0,0,0
1825,极其,非常,adverbs,4,6,6,4,4,4,5,6,6,1,4
1826,目前,最近,adverbs,5,2,0,3,3,3,3,5,3,4,4
1827,最近,最近,adverbs,6,4,5,6,6,5,5,6,6,5,6
1828,稍微地,大致,adverbs,3,0,4,2,0,2,4,3,2,1,1
1829,被动地,积极地,adverbs,0,0,0,2,0,2,0,0,0,0,0
1830,也许,大概,adverbs,4,4,5,4,6,4,0,2,4,5,2
1831,巧妙的,冷静地,adverbs,0,0,5,0,0,0,0,0,0,1,0
1832,看来,显然,adverbs,0,3,4,0,1,5,1,2,3,1,1
1833,大声地,微妙地,adverbs,0,0,0,0,0,0,0,0,0,0,0
1834,通常,很少地,adverbs,0,0,0,0,0,4,0,0,0,0,0
1835,有时候,经常,adverbs,4,3,1,2,1,4,3,2,2,1,1
1836,可靠地,被动地,adverbs,0,0,0,0,0,0,0,0,0,0,0
1837,显然,本地,adverbs,0,0,0,0,0,0,0,0,0,0,0
1838,谦逊地,糟糕,adverbs,0,0,0,0,0,0,0,0,0,0,0
1839,很可能,可能,adverbs,4,5,5,5,5,5,3,4,3,5,3
1840,公平,不公平,adverbs,0,0,0,2,0,2,0,0,0,0,0
1841,明亮地,非常,adverbs,0,0,0,0,0,0,0,0,0,0,0
1842,理想地,实际地,adverbs,0,0,0,1,0,1,0,0,0,0,0
1843,经常,不经常,adverbs,0,0,0,2,0,2,0,0,0,0,0
1844,紧急,迅速地,adverbs,0,3,2,3,1,5,2,2,3,1,3
1845,两次,总是,adverbs,0,0,0,0,0,0,0,0,0,0,0
1846,大多,主要,adverbs,5,3,5,5,5,4,2,5,3,4,3
1847,有意义,深度地,adverbs,0,4,5,4,3,6,2,1,3,0,0
1848,优雅地,美丽地,adverbs,3,4,5,4,4,6,0,3,3,0,2
1849,小心地,谨慎地,adverbs,0,6,6,5,6,6,5,3,4,4,4
1850,机械地,理想地,adverbs,0,0,0,1,0,1,0,0,0,0,0
1851,两次,多,adverbs,0,0,0,0,0,2,0,0,0,0,0
1852,深深地,大多,adverbs,0,0,0,0,0,0,0,0,4,0,0
1853,有时,每当,adverbs,0,0,0,2,0,4,0,0,0,0,0
1854,负面地,非自然,adverbs,0,0,0,0,0,2,0,0,0,0,0
1855,从不,很少,adverbs,2,5,0,3,3,3,0,4,2,1,2
1856,负责可靠地,独立地,adverbs,0,0,4,3,0,5,0,0,0,0,0
1857,积极地,高高兴兴,adverbs,0,0,3,1,2,1,0,0,0,0,0
1858,和平地,混乱,adverbs,0,0,0,0,0,0,0,0,0,0,0
1859,大致,可靠地,adverbs,0,0,0,1,0,1,0,0,0,0,0
1860,充分,基本上,adverbs,0,0,0,0,1,0,0,0,4,0,0
1861,一次,两次,adverbs,0,2,0,2,1,2,0,0,0,0,0
1862,信心十足地,偷偷,adverbs,0,0,0,0,0,0,0,0,0,0,0
1863,重要的,认真地,adverbs,0,0,0,0,4,5,0,0,0,0,0
1864,成熟,巧妙,adverbs,0,0,2,0,0,3,0,0,0,0,0
1865,不可能,友好,adverbs,0,0,0,1,0,1,0,0,0,0,0
1866,轻微,完全地,adverbs,0,0,0,0,0,0,0,0,0,0,0
1867,诚实地,真诚地,adverbs,3,5,6,5,5,6,4,3,4,0,4
1868,常规地,一般,adverbs,4,5,4,5,3,6,4,5,5,1,3
1869,偶然,经常地,adverbs,0,2,0,2,0,3,0,0,0,0,0
1870,粗糙地,大致,adverbs,0,0,2,1,1,1,0,0,5,0,0
1871,不同,终末,adverbs,0,0,0,0,0,0,0,0,0,0,0
1872,悄悄地,自然地,adverbs,0,0,1,1,0,4,0,0,0,0,0
1873,令人惊讶,奇特地,adverbs,0,4,4,4,4,5,4,3,5,0,2
1874,显然,不显眼地,adverbs,0,0,0,2,0,2,0,0,0,0,0
1875,可能,乐观地,adverbs,0,0,1,0,0,3,0,0,0,0,0
1876,明天,今天晚上,adverbs,0,0,0,0,0,3,0,0,0,0,0
1877,仁慈地,温和地,adverbs,5,5,5,4,2,5,2,3,3,0,3
1878,通常,不定期地,adverbs,0,1,0,1,0,1,0,0,0,0,2
1879,正直地,成熟地,adverbs,0,2,3,0,3,4,0,0,0,0,0
1880,猛烈地,可悲的是,adverbs,0,0,0,0,0,2,0,0,0,0,0
1881,不公平地,不合理,adverbs,4,0,5,2,5,5,2,4,3,0,3
1882,冷静地,安然,adverbs,0,2,5,3,4,3,2,5,5,1,2
1883,显然,大致,adverbs,0,1,4,0,0,0,0,0,0,1,0
1884,被动地,默默地,adverbs,0,1,1,0,0,5,0,0,0,0,0
1885,慷慨地,从不,adverbs,0,0,0,0,0,0,0,0,0,0,0
1886,肯定地,当然,adverbs,6,5,5,3,3,3,0,5,3,1,2
1887,在家里,在别处,adverbs,0,0,0,2,0,2,0,0,0,0,0
1888,大声地,猛烈地,adverbs,0,2,3,3,4,5,3,4,4,1,2
