word1,word2,similarity_score_1,similarity_score_2,similarity_score_3,similarity_score_4,similarity_score_5,similarity_score_6,similarity_score_7,similarity_score_8,similarity_score_9,similarity_score_10,similarity_score_11,similarity_score_12,similarity_score_13,similarity_score_14,similarity_score_15
长,狭窄,不相似,非常不相似,非常不相似,不相似,非常不相似,非常不相似,不相似,不相似,非常不相似,非常不相似,非常不相似,非常不相似,非常不相似,非常不相似,非常不相似
内疚,羞愧,相似,相似,非常相似,相似,相似,非常相似,相似,非常相似,相似,相似,相似,相似,相似,非常相似,相似
暴力,被动,非常不相似,非常不相似,非常不相似,非常不相似,非常不相似,非常不相似,非常不相似,非常不相似,非常不相似,非常不相似,非常不相似,非常不相似,非常不相似,非常不相似,非常不相似
闷,平庸,中立,不相似,不相似,中立,不相似,不相似,中立,中立,中立,不相似,中立,不相似,中立,不相似,不相似
害羞,昂贵,非常不相似,非常不相似,非常不相似,非常不相似,非常不相似,非常不相似,非常不相似,非常不相似,非常不相似,非常不相似,非常不相似,非常不相似,非常不相似,非常不相似,非常不相似
不同,正常,中立,不相似,中立,不相似,不相似,不相似,不相似,中立,不相似,不相似,不相似,非常不相似,非常不相似,不相似,不相似
自豪,傲慢,相似,中立,相似,中立,中立,中立,中立,相似,中立,中立,中立,中立,中立,相似,中立
愉快,快乐,非常相似,非常相似,非常相似,非常相似,非常相似,非常相似,非常相似,非常相似,非常相似,非常相似,非常相似,非常相似,非常相似,非常相似,非常相似
粗糙,无礼,中立,中立,不相似,不相似,中立,不相似,不相似,中立,中立,中立,不相似,不相似,不相似,不相似,不相似
坚硬,密度大,中立,中立,中立,中立,不相似,中立,不相似,中立,中立,中立,中立,中立,中立,中立,中立
无实体,心灵,中立,不相似,中立,中立,不相似,中立,中立,不相似,不相似,不相似,中立,不相似,不相似,不相似,不相似
开心,高兴,非常相似,非常相似,非常相似,非常相似,非常相似,非常相似,非常相似,非常相似,非常相似,非常相似,非常相似,非常相似,非常相似,非常相似,非常相似
开心,疯狂,不相似,不相似,不相似,不相似,不相似,不相似,不相似,不相似,不相似,不相似,不相似,不相似,不相似,不相似,不相似
合法,允许,相似,相似,相似,相似,相似,相似,相似,相似,相似,相似,相似,相似,非常相似,相似,相似
和蔼,残酷,非常不相似,非常不相似,非常不相似,非常不相似,非常不相似,非常不相似,非常不相似,非常不相似,非常不相似,非常不相似,非常不相似,非常不相似,非常不相似,非常不相似,非常不相似
胆大,自豪,中立,不相似,不相似,中立,不相似,不相似,不相似,中立,不相似,不相似,不相似,不相似,不相似,不相似,不相似
坏,平庸,中立,不相似,中立,中立,不相似,不相似,中立,中立,不相似,不相似,不相似,不相似,中立,不相似,中立
煮熟的,水煮,非常相似,非常相似,非常相似,非常相似,相似,相似,相似,非常相似,非常相似,非常相似,相似,非常相似,非常相似,非常相似,相似
残忍,不公平,相似,中立,不相似,相似,中立,中立,相似,相似,相似,中立,相似,中立,中立,中立,中立
不需要,必须,非常不相似,非常不相似,非常不相似,非常不相似,非常不相似,非常不相似,非常不相似,非常不相似,非常不相似,非常不相似,非常不相似,非常不相似,不相似,非常不相似,非常不相似
沈闷,枯燥,非常相似,相似,非常相似,相似,相似,非常相似,非常相似,非常相似,非常相似,非常相似,非常相似,相似,非常相似,非常相似,非常相似
自由,无辜,中立,不相似,不相似,不相似,不相似,不相似,不相似,不相似,不相似,不相似,不相似,不相似,不相似,不相似,不相似
善良,大方,相似,相似,相似,相似,相似,相似,相似,相似,相似,相似,中立,中立,相似,中立,中立
弱,辣,非常不相似,非常不相似,非常不相似,非常不相似,非常不相似,非常不相似,非常不相似,非常不相似,非常不相似,非常不相似,非常不相似,非常不相似,非常不相似,非常不相似,非常不相似
兴奋,受惊,不相似,不相似,中立,不相似,中立,中立,不相似,不相似,中立,中立,中立,不相似,中立,不相似,中立
无知,频繁,非常不相似,非常不相似,非常不相似,非常不相似,非常不相似,非常不相似,非常不相似,非常不相似,非常不相似,非常不相似,非常不相似,非常不相似,非常不相似,非常不相似,非常不相似
怪诞,奇怪,相似,相似,相似,相似,相似,相似,相似,相似,相似,相似,相似,相似,非常相似,相似,相似
人造,假,相似,相似,相似,相似,相似,相似,非常相似,相似,非常相似,相似,相似,中立,相似,中立,相似
电动,甜,非常不相似,非常不相似,非常不相似,非常不相似,非常不相似,非常不相似,非常不相似,非常不相似,非常不相似,非常不相似,非常不相似,非常不相似,非常不相似,非常不相似,非常不相似
婚外,不可說出口的,中立,中立,中立,相似,相似,不相似,中立,相似,相似,中立,非常相似,中立,相似,相似,中立
笨,傻,非常相似,非常相似,非常相似,非常相似,非常相似,非常相似,非常相似,非常相似,非常相似,非常相似,非常相似,非常相似,非常相似,非常相似,非常相似
个人,私人,非常相似,相似,相似,非常相似,非常相似,非常相似,非常相似,非常相似,非常相似,非常相似,非常相似,相似,相似,非常相似,非常相似
瘦,苗条,相似,非常相似,非常相似,非常相似,相似,相似,非常相似,相似,非常相似,相似,非常相似,非常相似,非常相似,相似,相似
奇怪,古怪,非常相似,非常相似,非常相似,非常相似,非常相似,非常相似,非常相似,非常相似,非常相似,非常相似,非常相似,非常相似,非常相似,非常相似,非常相似
灵活,松动,不相似,不相似,中立,不相似,不相似,中立,中立,不相似,不相似,不相似,中立,不相似,中立,不相似,不相似
强大,强大,非常相似,非常相似,非常相似,非常相似,非常相似,非常相似,非常相似,非常相似,非常相似,非常相似,非常相似,非常相似,非常相似,非常相似,非常相似
大,柔韧,非常不相似,不相似,非常不相似,非常不相似,非常不相似,不相似,非常不相似,非常不相似,非常不相似,非常不相似,非常不相似,非常不相似,非常不相似,非常不相似,非常不相似
脆弱,简单,不相似,不相似,不相似,不相似,不相似,不相似,不相似,非常不相似,不相似,不相似,不相似,不相似,不相似,不相似,不相似
粘人,缺乏信心,中立,中立,不相似,中立,中立,中立,中立,中立,中立,不相似,中立,中立,不相似,中立,中立
显著的,明显,非常相似,非常相似,非常相似,非常相似,非常相似,非常相似,非常相似,非常相似,非常相似,非常相似,非常相似,非常相似,非常相似,非常相似,非常相似
暴力,柔软,非常不相似,非常不相似,非常不相似,非常不相似,非常不相似,非常不相似,非常不相似,非常不相似,非常不相似,非常不相似,非常不相似,非常不相似,非常不相似,非常不相似,非常不相似
害怕,急,不相似,不相似,不相似,不相似,不相似,中立,不相似,不相似,中立,不相似,不相似,不相似,不相似,不相似,不相似
非法,不道德,相似,相似,相似,相似,相似,相似,相似,相似,相似,中立,相似,相似,相似,相似,相似
严酷,残酷,非常相似,相似,相似,相似,非常相似,非常相似,非常相似,非常相似,非常相似,非常相似,相似,非常相似,非常相似,非常相似,非常相似
粗糙,丑陋,中立,中立,中立,中立,中立,中立,中立,中立,相似,中立,中立,中立,中立,中立,中立
难以置信,普通,非常不相似,非常不相似,非常不相似,非常不相似,非常不相似,非常不相似,非常不相似,非常不相似,非常不相似,非常不相似,非常不相似,非常不相似,非常不相似,非常不相似,非常不相似
尖,平滑,非常不相似,非常不相似,非常不相似,非常不相似,非常不相似,不相似,非常不相似,非常不相似,非常不相似,非常不相似,非常不相似,非常不相似,非常不相似,非常不相似,非常不相似
容易,灵活,不相似,不相似,中立,不相似,中立,中立,中立,不相似,不相似,不相似,不相似,中立,中立,不相似,不相似
满载,沉重,不相似,中立,中立,中立,不相似,不相似,不相似,不相似,不相似,不相似,不相似,不相似,不相似,不相似,不相似
轻松,强调,非常不相似,非常不相似,不相似,不相似,非常不相似,非常不相似,非常不相似,非常不相似,非常不相似,非常不相似,非常不相似,非常不相似,非常不相似,非常不相似,非常不相似
中性,未拿定主意,中立,相似,相似,相似,中立,中立,中立,中立,中立,相似,中立,中立,中立,中立,中立
闻名,国民,不相似,中立,非常不相似,不相似,不相似,不相似,不相似,不相似,不相似,不相似,不相似,不相似,不相似,不相似,不相似
乱,清洁,非常不相似,非常不相似,非常不相似,非常不相似,非常不相似,不相似,非常不相似,非常不相似,非常不相似,非常不相似,非常不相似,非常不相似,非常不相似,非常不相似,非常不相似
新,新鲜,非常相似,非常相似,非常相似,非常相似,非常相似,非常相似,非常相似,相似,非常相似,非常相似,相似,非常相似,相似,非常相似,非常相似
孩子气,傻,中立,不相似,相似,中立,中立,中立,中立,中立,中立,相似,中立,中立,中立,中立,中立
愉快,精彩,相似,中立,相似,相似,相似,相似,相似,相似,相似,相似,相似,相似,相似,相似,相似
旧,杂,不相似,不相似,不相似,不相似,不相似,不相似,非常不相似,不相似,不相似,不相似,不相似,不相似,不相似,不相似,不相似
羞耻,心烦,中立,不相似,中立,中立,中立,不相似,不相似,中立,相似,中立,中立,中立,不相似,中立,中立
普通,冷,不相似,非常不相似,不相似,不相似,不相似,非常不相似,非常不相似,不相似,不相似,不相似,不相似,不相似,非常不相似,非常不相似,不相似
生病,疯,中立,不相似,中立,中立,不相似,中立,中立,中立,中立,中立,不相似,不相似,中立,中立,中立
每月,每周,中立,中立,相似,中立,中立,中立,中立,相似,中立,中立,相似,中立,中立,相似,相似
仁慈地,温和地,相似,相似,相似,相似,相似,非常相似,相似,非常相似,非常相似,非常相似,非常相似,非常相似,非常相似,相似,相似
不同的,奇怪地,不相似,不相似,中立,中立,不相似,不相似,不相似,非常不相似,不相似,非常不相似,中立,不相似,不相似,中立,中立
和平地,混乱,非常不相似,非常不相似,非常不相似,非常不相似,非常不相似,非常不相似,非常不相似,非常不相似,非常不相似,非常不相似,非常不相似,非常不相似,非常不相似,非常不相似,非常不相似
好心地,仁慈地,非常相似,非常相似,非常相似,非常相似,非常相似,非常相似,非常相似,非常相似,非常相似,非常相似,非常相似,非常相似,非常相似,非常相似,非常相似
显然,不显眼地,非常不相似,非常不相似,非常不相似,非常不相似,非常不相似,非常不相似,非常不相似,非常不相似,非常不相似,非常不相似,非常不相似,非常不相似,非常不相似,非常不相似,非常不相似
大声地,微妙地,非常不相似,非常不相似,非常不相似,非常不相似,非常不相似,非常不相似,非常不相似,非常不相似,非常不相似,非常不相似,非常不相似,非常不相似,非常不相似,非常不相似,非常不相似
异常,奇怪地,相似,非常相似,相似,相似,相似,非常相似,相似,非常相似,非常相似,相似,相似,相似,非常相似,相似,相似
谨慎地,有礼貌地,相似,中立,相似,相似,相似,相似,相似,相似,相似,相似,中立,相似,中立,相似,相似
异常地,一般,不相似,非常不相似,不相似,不相似,非常不相似,不相似,非常不相似,非常不相似,不相似,不相似,非常不相似,不相似,非常不相似,不相似,非常不相似
在家里,在别处,非常不相似,非常不相似,非常不相似,非常不相似,非常不相似,非常不相似,不相似,中立,非常不相似,非常不相似,非常不相似,非常不相似,不相似,不相似,非常不相似
理想地,实际地,非常不相似,不相似,非常不相似,非常不相似,非常不相似,非常不相似,非常不相似,非常不相似,非常不相似,非常不相似,非常不相似,非常不相似,非常不相似,不相似,非常不相似
通常,日常,相似,相似,相似,相似,相似,相似,相似,相似,相似,相似,相似,相似,相似,相似,相似
准确地,积极地,不相似,不相似,不相似,不相似,不相似,不相似,不相似,不相似,不相似,不相似,不相似,不相似,不相似,不相似,不相似
今天晚上,今天,相似,相似,相似,相似,相似,相似,相似,相似,相似,相似,相似,相似,相似,相似,相似
两次,总是,不相似,不相似,不相似,不相似,不相似,不相似,不相似,不相似,不相似,不相似,不相似,不相似,不相似,不相似,不相似
最近,现实地,非常不相似,不相似,不相似,不相似,不相似,不相似,中立,不相似,非常不相似,不相似,不相似,不相似,不相似,不相似,不相似
粗糙地,大致,相似,相似,相似,非常相似,相似,相似,相似,相似,相似,相似,相似,相似,相似,相似,中立
死气沉沉的,高高兴兴地,非常不相似,非常不相似,非常不相似,非常不相似,非常不相似,非常不相似,非常不相似,非常不相似,非常不相似,非常不相似,非常不相似,非常不相似,非常不相似,非常不相似,非常不相似
稍微地,大致,相似,中立,相似,相似,相似,相似,相似,相似,相似,相似,相似,相似,相似,相似,中立
大致地,容易地,不相似,不相似,不相似,不相似,不相似,不相似,不相似,不相似,不相似,不相似,不相似,不相似,不相似,不相似,不相似
准确地,精确地,非常相似,非常相似,非常相似,非常相似,非常相似,非常相似,非常相似,非常相似,非常相似,非常相似,非常相似,非常相似,非常相似,非常相似,非常相似
两次,多,中立,不相似,不相似,不相似,不相似,不相似,中立,中立,不相似,不相似,不相似,不相似,中立,不相似,不相似
紧紧地,难以置信地,非常不相似,不相似,不相似,不相似,不相似,不相似,非常不相似,不相似,非常不相似,不相似,不相似,非常不相似,不相似,不相似,不相似
有时,每当,中立,中立,中立,不相似,不相似,中立,不相似,不相似,中立,中立,中立,中立,中立,不相似,中立
极其,非常,非常相似,非常相似,非常相似,非常相似,非常相似,非常相似,非常相似,非常相似,非常相似,非常相似,非常相似,非常相似,非常相似,非常相似,非常相似
看来,显然,相似,相似,相似,相似,相似,相似,相似,相似,相似,相似,相似,相似,相似,中立,相似
紧张地,焦急地,相似,相似,相似,相似,相似,相似,相似,相似,非常相似,相似,相似,非常相似,相似,相似,相似
通常,很少地,不相似,不相似,非常不相似,非常不相似,不相似,不相似,不相似,非常不相似,非常不相似,非常不相似,非常不相似,非常不相似,不相似,非常不相似,非常不相似
有意义地,特别,不相似,中立,中立,中立,不相似,中立,中立,不相似,中立,中立,不相似,不相似,中立,不相似,不相似
重要地,真实地,不相似,中立,不相似,中立,不相似,中立,中立,中立,中立,中立,不相似,不相似,不相似,中立,中立
自豪的,谦逊地,非常不相似,非常不相似,非常不相似,非常不相似,非常不相似,非常不相似,非常不相似,非常不相似,非常不相似,非常不相似,非常不相似,非常不相似,非常不相似,非常不相似,非常不相似
香芹,松饼,非常不相似,非常不相似,非常不相似,非常不相似,非常不相似,非常不相似,非常不相似,非常不相似,非常不相似,非常不相似,非常不相似,非常不相似,非常不相似,非常不相似,非常不相似
女儿,孩子,相似,相似,相似,相似,相似,非常相似,相似,相似,非常相似,相似,非常相似,相似,非常相似,相似,相似
闪电攻击,攻击,相似,相似,相似,相似,相似,相似,相似,相似,相似,相似,相似,相似,相似,相似,相似
战斗,好斗,相似,相似,相似,相似,中立,相似,相似,中立,相似,相似,相似,中立,相似,相似,相似
作曲家,作家,不相似,不相似,中立,中立,不相似,不相似,不相似,中立,中立,中立,中立,中立,中立,不相似,不相似
主机板,主板,非常相似,非常相似,非常相似,非常相似,非常相似,非常相似,非常相似,非常相似,非常相似,非常相似,非常相似,非常相似,非常相似,非常相似,非常相似
船,车,中立,中立,不相似,不相似,中立,中立,中立,不相似,不相似,不相似,不相似,中立,中立,不相似,不相似
无穷,零,非常不相似,非常不相似,非常不相似,非常不相似,非常不相似,不相似,非常不相似,非常不相似,非常不相似,非常不相似,非常不相似,不相似,不相似,非常不相似,非常不相似
床,家俱,相似,相似,相似,相似,相似,相似,相似,相似,相似,相似,相似,相似,相似,相似,相似
诗,韵律,相似,相似,相似,相似,相似,相似,相似,相似,相似,相似,相似,相似,相似,相似,相似
肚子,卧室,不相似,非常不相似,非常不相似,非常不相似,非常不相似,非常不相似,非常不相似,非常不相似,非常不相似,非常不相似,非常不相似,非常不相似,非常不相似,非常不相似,非常不相似
岩浆,火山,相似,相似,相似,相似,相似,相似,相似,相似,相似,相似,相似,相似,相似,相似,相似
碗,尾巴,非常不相似,非常不相似,非常不相似,非常不相似,非常不相似,非常不相似,非常不相似,非常不相似,非常不相似,非常不相似,非常不相似,非常不相似,非常不相似,非常不相似,非常不相似
奖学金,学费,中立,不相似,不相似,不相似,不相似,中立,中立,中立,中立,中立,中立,相似,中立,不相似,中立
政治家,总统,相似,相似,非常相似,相似,相似,相似,相似,相似,非常相似,相似,相似,相似,相似,相似,相似
泡,肥皂泡沫,非常相似,相似,相似,相似,相似,非常相似,相似,相似,相似,相似,相似,相似,相似,相似,非常相似
节奏,旋律,相似,相似,相似,相似,相似,相似,相似,相似,相似,相似,相似,相似,相似,相似,相似
校园,大学,相似,相似,非常相似,相似,相似,相似,相似,相似,非常相似,相似,相似,非常相似,相似,非常相似,相似
锡,金属,非常相似,非常相似,非常相似,相似,非常相似,非常相似,非常相似,非常相似,相似,相似,相似,相似,相似,相似,相似
草,刀口,非常不相似,非常不相似,非常不相似,非常不相似,非常不相似,非常不相似,非常不相似,非常不相似,非常不相似,非常不相似,非常不相似,非常不相似,非常不相似,非常不相似,非常不相似
多面体,演员,非常不相似,非常不相似,非常不相似,非常不相似,非常不相似,非常不相似,非常不相似,非常不相似,非常不相似,非常不相似,非常不相似,非常不相似,非常不相似,非常不相似,非常不相似
日期,日历,相似,相似,相似,相似,相似,相似,相似,相似,相似,相似,相似,相似,相似,相似,相似
门,走廊,中立,中立,相似,中立,中立,中立,中立,中立,中立,相似,中立,相似,中立,相似,不相似
皇帝,宪法,不相似,非常不相似,不相似,非常不相似,非常不相似,非常不相似,非常不相似,非常不相似,非常不相似,不相似,非常不相似,非常不相似,不相似,非常不相似,非常不相似
丰富,许多,相似,相似,相似,相似,相似,相似,相似,相似,相似,相似,相似,相似,相似,相似,相似
原木,沐浴,非常不相似,非常不相似,非常不相似,非常不相似,非常不相似,非常不相似,非常不相似,非常不相似,非常不相似,非常不相似,非常不相似,非常不相似,非常不相似,非常不相似,非常不相似
雨,薄雾,相似,相似,相似,相似,相似,相似,中立,相似,相似,中立,中立,相似,相似,相似,相似
苹果,柠檬,中立,相似,相似,相似,中立,相似,中立,相似,相似,中立,相似,中立,中立,中立,相似
幸福,悲伤,非常不相似,非常不相似,非常不相似,非常不相似,非常不相似,非常不相似,非常不相似,非常不相似,非常不相似,非常不相似,非常不相似,非常不相似,非常不相似,非常不相似,非常不相似
走道,大厅,中立,中立,中立,中立,中立,中立,中立,中立,中立,中立,中立,中立,中立,中立,中立
红酒,酒,非常相似,非常相似,非常相似,非常相似,非常相似,非常相似,非常相似,非常相似,非常相似,非常相似,非常相似,非常相似,非常相似,非常相似,非常相似
导演,摄影,中立,中立,中立,中立,不相似,中立,中立,不相似,不相似,中立,中立,中立,中立,不相似,不相似
老鹰,猎鹰,非常相似,相似,相似,相似,相似,相似,非常相似,相似,非常相似,非常相似,相似,非常相似,相似,相似,相似
周末,种族,非常不相似,非常不相似,非常不相似,非常不相似,非常不相似,非常不相似,非常不相似,非常不相似,非常不相似,非常不相似,非常不相似,非常不相似,非常不相似,非常不相似,非常不相似
书,圣经,相似,相似,相似,相似,相似,相似,相似,中立,相似,相似,相似,相似,中立,相似,中立
财富,名誉,中立,中立,中立,中立,中立,中立,中立,中立,中立,中立,中立,中立,中立,中立,中立
尾巴,后部,相似,相似,相似,相似,相似,相似,相似,相似,相似,相似,相似,相似,相似,相似,相似
手臂,骨头,中立,中立,中立,中立,不相似,中立,中立,中立,中立,中立,中立,中立,中立,中立,中立
海滩,暗礁,中立,不相似,中立,中立,中立,中立,中立,中立,不相似,中立,中立,中立,不相似,不相似,中立
过道,走廊,非常相似,非常相似,非常相似,非常相似,非常相似,非常相似,非常相似,非常相似,非常相似,非常相似,非常相似,非常相似,非常相似,非常相似,非常相似
薄荷,博物馆,非常不相似,非常不相似,非常不相似,非常不相似,非常不相似,非常不相似,非常不相似,非常不相似,非常不相似,非常不相似,非常不相似,非常不相似,非常不相似,非常不相似,非常不相似
游戏,乐趣,相似,相似,相似,相似,相似,相似,相似,相似,相似,相似,相似,相似,相似,相似,相似
枪,大炮,相似,相似,相似,相似,中立,相似,相似,相似,中立,相似,相似,相似,相似,相似,相似
深度,大小,中立,中立,中立,中立,不相似,中立,中立,不相似,中立,中立,中立,中立,中立,不相似,不相似
作者,创造者,相似,相似,相似,相似,相似,相似,相似,相似,相似,相似,相似,相似,相似,相似,相似
合金,钢,相似,相似,相似,相似,相似,相似,相似,相似,相似,相似,相似,相似,相似,相似,相似
威士忌酒,杜松子酒,相似,中立,中立,中立,中立,相似,中立,相似,中立,中立,中立,相似,中立,中立,中立
罐,瓶子,中立,相似,相似,中立,相似,中立,中立,中立,中立,中立,中立,中立,中立,中立,中立
报纸,资料,相似,不相似,中立,中立,中立,中立,中立,中立,中立,相似,不相似,中立,中立,不相似,中立
航空,飞行,非常相似,相似,相似,相似,相似,相似,相似,非常相似,相似,相似,相似,非常相似,相似,相似,相似
汽车,软管,非常不相似,非常不相似,非常不相似,非常不相似,非常不相似,非常不相似,非常不相似,非常不相似,非常不相似,非常不相似,非常不相似,非常不相似,非常不相似,非常不相似,非常不相似
募捐,发展,不相似,不相似,不相似,非常不相似,不相似,不相似,不相似,不相似,不相似,不相似,不相似,不相似,不相似,不相似,不相似
房间,大厦,不相似,不相似,不相似,不相似,不相似,不相似,不相似,不相似,不相似,不相似,不相似,不相似,不相似,不相似,不相似
树枝,手臂,中立,中立,中立,中立,中立,中立,中立,中立,中立,中立,相似,中立,中立,中立,中立
法庭,正义,中立,中立,相似,中立,中立,中立,中立,中立,中立,相似,中立,中立,相似,相似,相似
女孩,小孩,相似,相似,非常相似,相似,相似,相似,非常相似,非常相似,非常相似,非常相似,相似,相似,非常相似,非常相似,非常相似
雪,风暴,中立,中立,中立,中立,中立,中立,中立,中立,不相似,中立,中立,中立,中立,不相似,中立
音乐,旋律,非常相似,非常相似,非常相似,相似,相似,非常相似,非常相似,相似,相似,非常相似,非常相似,非常相似,相似,非常相似,相似
公主,饼干,非常不相似,非常不相似,非常不相似,非常不相似,非常不相似,非常不相似,非常不相似,非常不相似,非常不相似,非常不相似,非常不相似,非常不相似,非常不相似,非常不相似,非常不相似
任务,女人,非常不相似,非常不相似,非常不相似,非常不相似,非常不相似,非常不相似,非常不相似,非常不相似,非常不相似,非常不相似,非常不相似,非常不相似,非常不相似,非常不相似,非常不相似
猫,狮子,相似,中立,相似,中立,相似,中立,相似,相似,相似,相似,相似,中立,相似,相似,中立
电影,剧院,中立,不相似,中立,中立,中立,不相似,中立,中立,中立,相似,中立,中立,中立,中立,中立
态度,自信,相似,相似,相似,相似,中立,相似,相似,相似,中立,相似,相似,相似,相似,相似,相似
老师,教练,中立,相似,相似,相似,相似,中立,相似,中立,相似,相似,相似,相似,相似,相似,中立
续集,相机,非常不相似,非常不相似,非常不相似,非常不相似,非常不相似,非常不相似,非常不相似,非常不相似,非常不相似,非常不相似,非常不相似,非常不相似,非常不相似,非常不相似,非常不相似
意外,书,非常不相似,非常不相似,非常不相似,非常不相似,非常不相似,非常不相似,非常不相似,非常不相似,非常不相似,非常不相似,非常不相似,非常不相似,非常不相似,非常不相似,非常不相似
文章,杂志,相似,非常相似,相似,相似,相似,相似,相似,相似,相似,相似,相似,相似,非常相似,相似,相似
母鸡,火鸡,中立,中立,相似,中立,相似,相似,相似,相似,中立,相似,相似,相似,相似,相似,相似
缺席,在场,非常不相似,非常不相似,非常不相似,非常不相似,非常不相似,非常不相似,非常不相似,非常不相似,非常不相似,非常不相似,非常不相似,非常不相似,非常不相似,非常不相似,非常不相似
客串角色,性能,非常不相似,不相似,非常不相似,非常不相似,非常不相似,非常不相似,非常不相似,非常不相似,非常不相似,非常不相似,非常不相似,非常不相似,非常不相似,非常不相似,非常不相似
便士,便宜货,中立,不相似,中立,不相似,中立,不相似,中立,中立,中立,相似,中立,中立,中立,中立,中立
床,医院,不相似,不相似,中立,不相似,中立,不相似,不相似,不相似,不相似,不相似,不相似,不相似,不相似,不相似,非常不相似
牛,山羊,相似,相似,相似,相似,相似,相似,相似,相似,相似,相似,相似,相似,相似,相似,相似
血液,骨髓,相似,相似,相似,相似,相似,相似,相似,相似,相似,相似,相似,中立,相似,相似,相似
足球,英式足球,非常相似,非常相似,非常相似,非常相似,非常相似,非常相似,非常相似,非常相似,非常相似,非常相似,非常相似,非常相似,非常相似,非常相似,非常相似
尖顶,教堂,中立,中立,中立,相似,相似,相似,相似,中立,中立,相似,相似,相似,中立,相似,相似
木,原木,相似,相似,非常相似,相似,相似,相似,非常相似,相似,相似,相似,相似,相似,相似,相似,相似
车,高速公路,不相似,不相似,中立,中立,不相似,不相似,不相似,中立,不相似,不相似,不相似,中立,不相似,不相似,不相似
章,选择,非常不相似,不相似,不相似,不相似,非常不相似,非常不相似,不相似,不相似,不相似,不相似,不相似,不相似,非常不相似,不相似,非常不相似
幸福,和平,中立,中立,中立,相似,中立,相似,相似,相似,中立,中立,中立,中立,中立,相似,中立
喷嘴,流体,相似,相似,中立,中立,相似,中立,中立,中立,相似,中立,中立,中立,相似,中立,中立
洞,协议,非常不相似,非常不相似,非常不相似,非常不相似,非常不相似,非常不相似,非常不相似,非常不相似,非常不相似,非常不相似,非常不相似,非常不相似,非常不相似,非常不相似,非常不相似
踝,窗口,非常不相似,非常不相似,非常不相似,非常不相似,非常不相似,非常不相似,非常不相似,非常不相似,非常不相似,非常不相似,非常不相似,非常不相似,非常不相似,非常不相似,非常不相似
早餐,培根,相似,中立,中立,中立,相似,相似,中立,中立,中立,中立,中立,相似,中立,中立,中立
小说,作家,相似,相似,中立,相似,相似,中立,相似,相似,中立,中立,中立,中立,相似,相似,相似
病人,复诊,相似,相似,相似,相似,相似,相似,相似,相似,相似,相似,相似,相似,相似,相似,相似
大灾变,火,中立,相似,相似,中立,相似,相似,中立,相似,中立,中立,相似,不相似,中立,中立,中立
冠军,优胜者,非常相似,非常相似,非常相似,非常相似,非常相似,非常相似,非常相似,非常相似,非常相似,非常相似,非常相似,非常相似,非常相似,非常相似,非常相似
侵略,敌意,相似,相似,非常相似,相似,相似,相似,相似,相似,相似,相似,相似,相似,相似,相似,相似
协议,条件,相似,相似,中立,相似,相似,中立,中立,相似,中立,中立,中立,中立,相似,相似,中立
滑雪板,滑雪,相似,相似,相似,相似,相似,相似,相似,相似,相似,相似,相似,相似,相似,非常相似,相似
工作者,雇主,中立,不相似,不相似,中立,不相似,中立,中立,中立,不相似,不相似,不相似,不相似,不相似,中立,不相似
蔗糖,糖类,非常相似,非常相似,非常相似,非常相似,非常相似,非常相似,相似,非常相似,非常相似,相似,相似,非常相似,非常相似,非常相似,相似
洗手间,厨房,不相似,不相似,不相似,不相似,不相似,不相似,中立,不相似,不相似,不相似,不相似,不相似,不相似,不相似,不相似
帮手,女仆,相似,相似,相似,相似,相似,相似,相似,相似,相似,相似,相似,相似,相似,相似,相似
士兵,和平,非常不相似,中立,不相似,不相似,不相似,不相似,不相似,不相似,不相似,不相似,不相似,非常不相似,不相似,不相似,不相似
感觉,直觉,相似,相似,相似,相似,相似,相似,非常相似,相似,相似,相似,相似,相似,相似,相似,相似
子程序,编译器,不相似,中立,不相似,不相似,不相似,中立,不相似,中立,不相似,不相似,不相似,不相似,非常不相似,不相似,不相似
洞,妻子,非常不相似,非常不相似,非常不相似,非常不相似,非常不相似,非常不相似,非常不相似,非常不相似,非常不相似,非常不相似,非常不相似,非常不相似,非常不相似,非常不相似,非常不相似
狗,马,不相似,中立,不相似,中立,中立,中立,中立,中立,中立,中立,中立,中立,中立,中立,中立
乐队,管弦乐队,非常相似,相似,非常相似,相似,非常相似,相似,非常相似,相似,相似,非常相似,非常相似,相似,相似,相似,相似
衣服,外套,相似,相似,相似,相似,相似,相似,相似,相似,相似,相似,相似,相似,相似,相似,相似
荣誉,敬重,相似,相似,非常相似,相似,相似,相似,非常相似,非常相似,非常相似,相似,相似,相似,相似,相似,相似
谷,凹地,相似,相似,相似,相似,相似,相似,相似,相似,相似,相似,相似,相似,相似,相似,相似
课程,肚子,非常不相似,非常不相似,非常不相似,非常不相似,非常不相似,非常不相似,非常不相似,非常不相似,非常不相似,非常不相似,非常不相似,非常不相似,非常不相似,非常不相似,非常不相似
天神,魔鬼,不相似,不相似,不相似,不相似,不相似,不相似,不相似,不相似,不相似,不相似,不相似,不相似,不相似,不相似,不相似
身体,脊柱,相似,相似,相似,相似,相似,相似,相似,相似,相似,相似,相似,相似,相似,相似,相似
规则,惯例,非常相似,相似,非常相似,相似,相似,相似,相似,相似,相似,相似,相似,相似,相似,相似,相似
苍蝇,蚂蚁,中立,中立,中立,中立,中立,中立,中立,中立,中立,中立,中立,中立,中立,中立,中立
骨头,牙齿,中立,相似,相似,中立,相似,中立,中立,不相似,中立,相似,中立,中立,中立,中立,中立
力量,能力,相似,相似,非常相似,相似,相似,相似,非常相似,非常相似,相似,相似,相似,非常相似,相似,相似,相似
床,毯子,中立,中立,不相似,不相似,不相似,不相似,不相似,不相似,不相似,不相似,不相似,不相似,中立,中立,不相似
便条,作业,不相似,非常不相似,非常不相似,不相似,不相似,不相似,非常不相似,不相似,不相似,非常不相似,非常不相似,非常不相似,不相似,不相似,不相似
汽车,货车,相似,相似,相似,相似,相似,相似,相似,相似,相似,相似,相似,相似,相似,相似,相似
身体,胸部,相似,相似,非常相似,相似,相似,相似,相似,相似,相似,相似,非常相似,相似,相似,相似,相似
商业,工业,相似,中立,相似,相似,相似,相似,相似,相似,相似,中立,相似,相似,相似,相似,相似
肾,器官,相似,相似,非常相似,非常相似,非常相似,非常相似,非常相似,非常相似,非常相似,相似,非常相似,相似,非常相似,非常相似,非常相似
晚上,章节,非常不相似,非常不相似,非常不相似,非常不相似,非常不相似,非常不相似,非常不相似,非常不相似,非常不相似,非常不相似,非常不相似,非常不相似,非常不相似,非常不相似,非常不相似
大麻,草药,相似,中立,中立,中立,相似,相似,中立,相似,相似,相似,中立,中立,中立,相似,中立
重新安葬,坟墓,相似,相似,相似,中立,相似,相似,不相似,相似,中立,中立,相似,中立,相似,相似,中立
人,一分钱,非常不相似,非常不相似,非常不相似,非常不相似,非常不相似,非常不相似,非常不相似,非常不相似,非常不相似,非常不相似,非常不相似,非常不相似,非常不相似,非常不相似,非常不相似
恶意软件,蠕虫,相似,相似,相似,非常相似,非常相似,相似,相似,非常相似,非常相似,相似,相似,相似,相似,相似,非常相似
人物,人,相似,相似,非常相似,非常相似,非常相似,相似,非常相似,非常相似,相似,相似,相似,非常相似,非常相似,非常相似,非常相似
爆玉米花,电影,中立,中立,中立,中立,中立,相似,中立,相似,中立,中立,中立,中立,中立,中立,中立
蝴蝶,玫瑰,不相似,中立,中立,不相似,不相似,不相似,中立,中立,中立,中立,不相似,不相似,不相似,中立,中立
自行车,卧室,非常不相似,不相似,非常不相似,非常不相似,非常不相似,非常不相似,非常不相似,非常不相似,非常不相似,非常不相似,非常不相似,非常不相似,非常不相似,非常不相似,非常不相似
鸵鸟,果园,非常不相似,不相似,不相似,非常不相似,不相似,不相似,非常不相似,不相似,不相似,不相似,非常不相似,非常不相似,非常不相似,不相似,不相似
蜥蜴,鳄鱼,相似,中立,相似,相似,中立,相似,相似,相似,相似,相似,相似,相似,相似,相似,相似
河流,大海,相似,相似,相似,相似,相似,相似,相似,相似,相似,相似,相似,相似,相似,相似,相似
领导,经理,相似,相似,非常相似,非常相似,相似,非常相似,非常相似,非常相似,非常相似,非常相似,相似,非常相似,非常相似,非常相似,非常相似
容器,老鼠,非常不相似,非常不相似,非常不相似,非常不相似,非常不相似,非常不相似,非常不相似,非常不相似,非常不相似,非常不相似,非常不相似,非常不相似,非常不相似,非常不相似,非常不相似
司机,飞行员,中立,中立,中立,中立,中立,中立,中立,中立,中立,相似,中立,中立,中立,中立,中立
检察官,律师,相似,相似,非常相似,相似,相似,非常相似,相似,相似,相似,相似,相似,非常相似,相似,非常相似,相似
眉头,眼睛,相似,中立,相似,相似,相似,相似,相似,相似,相似,中立,相似,相似,相似,相似,相似
米,码,相似,非常相似,非常相似,相似,相似,相似,相似,相似,相似,相似,相似,相似,相似,相似,相似
队长,水手,中立,中立,中立,中立,中立,中立,中立,中立,中立,中立,中立,中立,中立,中立,不相似
工人,机械师,中立,中立,相似,相似,相似,相似,相似,相似,相似,相似,相似,中立,相似,相似,相似
首词,句法,非常不相似,不相似,非常不相似,非常不相似,不相似,不相似,非常不相似,不相似,不相似,不相似,非常不相似,非常不相似,非常不相似,不相似,非常不相似
海军,军队,相似,相似,非常相似,相似,非常相似,相似,相似,相似,相似,相似,相似,相似,非常相似,非常相似,非常相似
车,出租车,相似,非常相似,相似,相似,相似,非常相似,相似,相似,相似,非常相似,相似,相似,相似,非常相似,相似
公式,日志,非常不相似,不相似,非常不相似,非常不相似,不相似,不相似,非常不相似,不相似,不相似,非常不相似,非常不相似,非常不相似,非常不相似,不相似,非常不相似
飞机,机场,中立,中立,中立,中立,中立,中立,中立,中立,中立,中立,中立,中立,不相似,中立,不相似
云,薄雾,相似,相似,相似,相似,相似,相似,相似,相似,相似,相似,相似,相似,相似,相似,相似
密码,标志,非常不相似,不相似,非常不相似,非常不相似,不相似,不相似,非常不相似,不相似,非常不相似,不相似,非常不相似,非常不相似,不相似,不相似,不相似
手臂,脖子,相似,中立,相似,中立,中立,相似,相似,相似,相似,相似,中立,中立,相似,相似,相似
词,页,非常不相似,不相似,非常不相似,非常不相似,不相似,不相似,非常不相似,不相似,非常不相似,非常不相似,不相似,非常不相似,不相似,非常不相似,不相似
航空电子学,航空学,相似,相似,相似,相似,相似,相似,非常相似,相似,相似,相似,相似,相似,相似,相似,相似
飞机场,片,非常不相似,不相似,非常不相似,非常不相似,非常不相似,非常不相似,非常不相似,非常不相似,非常不相似,非常不相似,非常不相似,非常不相似,非常不相似,非常不相似,非常不相似
历史学家,史学家,非常相似,非常相似,非常相似,非常相似,非常相似,非常相似,非常相似,非常相似,非常相似,非常相似,非常相似,非常相似,非常相似,非常相似,非常相似
篱笆,跳跃,非常不相似,非常不相似,非常不相似,非常不相似,非常不相似,非常不相似,非常不相似,非常不相似,非常不相似,非常不相似,非常不相似,非常不相似,非常不相似,非常不相似,非常不相似
后世,炼狱,不相似,不相似,不相似,不相似,不相似,不相似,不相似,不相似,不相似,不相似,不相似,不相似,不相似,不相似,不相似
电动机,发动机,非常相似,非常相似,非常相似,非常相似,非常相似,非常相似,非常相似,非常相似,非常相似,相似,非常相似,非常相似,非常相似,非常相似,非常相似
猫,兔子,中立,中立,中立,中立,中立,中立,中立,中立,中立,相似,中立,中立,中立,中立,中立
蜜蜂,蚂蚁,相似,相似,相似,相似,相似,相似,相似,相似,相似,相似,相似,相似,相似,相似,相似
暴民,人群,不相似,中立,相似,中立,中立,中立,相似,中立,中立,中立,相似,不相似,中立,中立,中立
烟草,香烟,相似,相似,相似,相似,相似,相似,相似,相似,相似,相似,相似,相似,相似,相似,相似
花,灌木,中立,中立,中立,中立,中立,不相似,相似,中立,中立,中立,中立,中立,中立,中立,中立
徽章,玻璃,非常不相似,非常不相似,非常不相似,非常不相似,非常不相似,非常不相似,非常不相似,非常不相似,非常不相似,非常不相似,非常不相似,非常不相似,非常不相似,非常不相似,不相似
鼻子,嘴巴,中立,中立,中立,中立,相似,中立,相似,中立,中立,相似,中立,中立,中立,相似,中立
环球航行,行李,不相似,不相似,不相似,不相似,不相似,不相似,不相似,不相似,不相似,不相似,不相似,不相似,不相似,非常不相似,不相似
智力,洞察力,相似,相似,相似,相似,相似,相似,相似,相似,相似,相似,相似,相似,相似,相似,相似
手,脚,中立,相似,中立,相似,相似,中立,相似,中立,中立,相似,中立,中立,中立,中立,中立
风尚,时装,相似,相似,相似,相似,相似,相似,相似,相似,相似,相似,相似,相似,相似,相似,相似
证明,事实,相似,相似,相似,相似,中立,相似,相似,相似,相似,相似,相似,相似,相似,中立,相似
生物学家,显微镜,不相似,中立,中立,中立,不相似,不相似,不相似,不相似,不相似,中立,中立,不相似,不相似,相似,中立
仆人,奴隶,中立,不相似,相似,中立,中立,中立,相似,中立,中立,中立,相似,中立,中立,相似,中立
肌肉,舌头,中立,中立,中立,中立,中立,中立,相似,中立,中立,中立,中立,中立,中立,中立,中立
数学家,节目,不相似,非常不相似,非常不相似,非常不相似,非常不相似,非常不相似,非常不相似,非常不相似,非常不相似,非常不相似,非常不相似,非常不相似,非常不相似,非常不相似,非常不相似
代码,符号,相似,相似,相似,相似,相似,相似,相似,相似,相似,相似,相似,相似,相似,相似,相似
乳制品,蜜糖,不相似,中立,中立,不相似,不相似,不相似,不相似,不相似,不相似,不相似,不相似,不相似,不相似,不相似,不相似
雪,冰,相似,相似,非常相似,相似,相似,相似,相似,相似,相似,相似,非常相似,相似,相似,相似,非常相似
酒,白兰地酒,相似,非常相似,非常相似,相似,相似,相似,非常相似,相似,相似,相似,相似,相似,相似,非常相似,非常相似
价值观,信念,非常相似,非常相似,非常相似,非常相似,相似,相似,非常相似,相似,非常相似,相似,相似,相似,相似,相似,相似
雪,天气,中立,中立,中立,中立,中立,中立,中立,不相似,中立,中立,中立,中立,中立,中立,中立
手指,手掌,相似,相似,相似,相似,相似,相似,相似,相似,相似,相似,相似,相似,相似,相似,相似
价值,价格,相似,相似,相似,相似,相似,相似,相似,相似,相似,相似,相似,相似,相似,相似,相似
秒,分钟,相似,相似,相似,相似,相似,相似,相似,相似,相似,相似,相似,相似,非常相似,相似,非常不相似
一分钱,尺寸,非常不相似,非常不相似,非常不相似,非常不相似,非常不相似,非常不相似,非常不相似,非常不相似,非常不相似,非常不相似,非常不相似,非常不相似,非常不相似,非常不相似,非常不相似
逻辑,算术,中立,不相似,中立,中立,中立,中立,中立,不相似,不相似,不相似,中立,中立,中立,中立,不相似
牛,家牛,非常相似,非常相似,非常相似,非常相似,非常相似,非常相似,非常相似,非常相似,非常相似,非常相似,非常相似,非常相似,非常相似,非常相似,非常相似
人群,束,不相似,非常不相似,不相似,不相似,不相似,不相似,不相似,非常不相似,不相似,非常不相似,不相似,非常不相似,不相似,不相似,不相似
云,窗口,非常不相似,非常不相似,非常不相似,非常不相似,非常不相似,不相似,非常不相似,非常不相似,非常不相似,非常不相似,非常不相似,非常不相似,非常不相似,非常不相似,非常不相似
大主教,主教,非常相似,非常相似,相似,非常相似,相似,相似,相似,相似,相似,非常相似,相似,相似,相似,相似,相似
世纪,年,相似,相似,相似,相似,相似,相似,相似,相似,相似,相似,相似,相似,非常相似,相似,相似
行动,课程,不相似,不相似,不相似,不相似,不相似,不相似,不相似,不相似,不相似,不相似,不相似,不相似,不相似,不相似,不相似
身体,肚子,相似,相似,相似,相似,相似,相似,相似,相似,相似,相似,相似,相似,相似,相似,相似
暴风雨,飓风,相似,非常相似,相似,非常相似,非常相似,非常相似,非常相似,非常相似,相似,非常相似,非常相似,非常相似,非常相似,非常相似,相似
指甲,手,中立,相似,中立,不相似,不相似,中立,相似,不相似,不相似,中立,中立,不相似,中立,相似,不相似
衣服,壁橱,不相似,不相似,中立,不相似,中立,中立,中立,不相似,中立,不相似,中立,中立,不相似,中立,中立
男孩,孩子,非常相似,非常相似,非常相似,非常相似,非常相似,非常相似,非常相似,非常相似,非常相似,非常相似,非常相似,非常相似,非常相似,非常相似,非常相似
大气层,臭氧,相似,相似,相似,中立,相似,相似,相似,中立,中立,相似,相似,相似,相似,不相似,相似
意见,主意,相似,相似,相似,相似,相似,相似,相似,相似,相似,相似,相似,相似,相似,相似,相似
契约,协议,非常相似,非常相似,非常相似,非常相似,非常相似,非常相似,非常相似,非常相似,非常相似,非常相似,非常相似,非常相似,非常相似,非常相似,非常相似
磁盘,电脑,中立,不相似,中立,中立,不相似,不相似,不相似,不相似,不相似,不相似,中立,不相似,不相似,不相似,不相似
晚餐,汤,中立,相似,中立,中立,中立,中立,中立,中立,中立,中立,中立,中立,中立,中立,不相似
水,盐,不相似,不相似,不相似,不相似,不相似,不相似,不相似,非常不相似,非常不相似,不相似,非常不相似,不相似,不相似,不相似,非常不相似
男人,嫌疑人,不相似,不相似,不相似,不相似,不相似,中立,不相似,中立,不相似,不相似,不相似,不相似,不相似,不相似,不相似
朋友,宾客,相似,中立,相似,相似,相似,相似,中立,相似,相似,中立,相似,相似,相似,中立,相似
衣服,布料,相似,相似,相似,相似,相似,相似,相似,相似,相似,相似,相似,相似,相似,相似,相似
家伙,帅哥,中立,中立,中立,中立,相似,中立,中立,中立,中立,中立,中立,中立,中立,中立,中立
吉他,鼓,中立,中立,中立,中立,中立,中立,中立,中立,中立,不相似,中立,中立,中立,不相似,中立
歌剧,电影,相似,中立,中立,中立,中立,不相似,中立,中立,中立,中立,中立,相似,中立,中立,相似
海军,岛,不相似,不相似,不相似,不相似,不相似,非常不相似,不相似,不相似,不相似,非常不相似,不相似,不相似,不相似,非常不相似,不相似
大自然,植物群,相似,相似,相似,相似,相似,相似,相似,相似,相似,相似,相似,相似,相似,相似,相似
犯罪,违反,非常相似,相似,相似,相似,非常相似,非常相似,相似,非常相似,相似,相似,相似,非常相似,相似,相似,非常相似
橡木,枫木,非常相似,相似,相似,非常相似,非常相似,相似,相似,非常相似,非常相似,非常相似,非常相似,非常相似,非常相似,非常相似,非常相似
蝙蝠,吸血鬼,中立,中立,不相似,中立,中立,非常不相似,中立,中立,中立,中立,中立,中立,中立,中立,中立
伞,暖炉,非常不相似,非常不相似,非常不相似,非常不相似,非常不相似,非常不相似,非常不相似,非常不相似,非常不相似,非常不相似,非常不相似,非常不相似,非常不相似,非常不相似,非常不相似
财富,声望,中立,中立,中立,中立,中立,中立,中立,中立,中立,中立,中立,中立,中立,中立,中立
生日,日期,相似,相似,相似,相似,相似,相似,非常相似,相似,相似,相似,相似,相似,相似,相似,相似
副驾驶,座舱,相似,相似,中立,相似,相似,中立,相似,相似,相似,相似,相似,相似,相似,相似,相似
传感器,散热器,不相似,不相似,非常不相似,中立,不相似,非常不相似,不相似,不相似,不相似,不相似,不相似,不相似,不相似,非常不相似,不相似
学校,年级,中立,相似,中立,相似,中立,非常相似,中立,相似,相似,中立,中立,不相似,相似,相似,中立
歌曲,演员,不相似,不相似,不相似,不相似,不相似,非常不相似,不相似,不相似,不相似,非常不相似,不相似,不相似,不相似,非常不相似,不相似
花朵,忍耐力,非常不相似,非常不相似,非常不相似,非常不相似,非常不相似,非常不相似,非常不相似,非常不相似,非常不相似,非常不相似,非常不相似,非常不相似,非常不相似,非常不相似,非常不相似
面包,小麦粉,相似,相似,相似,相似,相似,相似,相似,相似,相似,相似,相似,相似,相似,相似,相似
昆虫,蜜蜂,相似,相似,相似,相似,相似,相似,相似,非常相似,非常相似,相似,相似,非常相似,相似,相似,非常相似
喇叭,鼓,中立,中立,中立,中立,中立,中立,中立,不相似,中立,中立,中立,不相似,中立,不相似,中立
心情,情感,非常相似,非常相似,非常相似,非常相似,非常相似,非常相似,非常相似,非常相似,非常相似,非常相似,非常相似,非常相似,非常相似,非常相似,非常相似
传记,小说,中立,中立,不相似,中立,中立,中立,中立,中立,中立,中立,中立,中立,中立,中立,中立
活塞,发动机,相似,相似,中立,相似,相似,相似,相似,相似,相似,相似,相似,相似,相似,相似,相似
人口,人,相似,相似,非常相似,相似,相似,相似,非常相似,相似,相似,相似,相似,相似,相似,相似,相似
飞机,喷气式飞机,非常相似,非常相似,非常相似,非常相似,非常相似,非常相似,非常相似,非常相似,非常相似,相似,非常相似,非常相似,非常相似,相似,非常相似
容器,静脉,不相似,不相似,不相似,不相似,不相似,不相似,不相似,不相似,不相似,不相似,不相似,不相似,不相似,不相似,不相似
地板,甲板,相似,中立,相似,相似,中立,相似,中立,相似,相似,相似,相似,相似,相似,中立,相似
南,北,不相似,非常不相似,非常不相似,不相似,非常不相似,非常不相似,不相似,不相似,不相似,非常不相似,非常不相似,非常不相似,非常不相似,非常不相似,非常不相似
纱,线,相似,相似,相似,相似,相似,相似,相似,相似,相似,相似,相似,相似,相似,相似,相似
房间,单身牢房,相似,中立,相似,中立,中立,相似,相似,相似,中立,中立,相似,相似,中立,中立,中立
下面,侧面,不相似,不相似,不相似,不相似,不相似,不相似,中立,中立,中立,不相似,不相似,中立,不相似,不相似,中立
公司,企业,非常相似,非常相似,非常相似,非常相似,非常相似,非常相似,非常相似,非常相似,非常相似,非常相似,非常相似,非常相似,非常相似,非常相似,非常相似
音节,词元,中立,中立,中立,中立,中立,中立,中立,中立,中立,中立,中立,中立,中立,不相似,不相似
律师,画廊,非常不相似,非常不相似,非常不相似,非常不相似,非常不相似,非常不相似,非常不相似,非常不相似,非常不相似,非常不相似,非常不相似,非常不相似,非常不相似,非常不相似,非常不相似
男人,武士,中立,中立,相似,中立,中立,中立,相似,中立,中立,中立,中立,中立,中立,中立,中立
城镇,城市,非常相似,相似,非常相似,非常相似,非常相似,相似,非常相似,非常相似,相似,非常相似,非常相似,非常相似,非常相似,非常相似,非常相似
蛇,蜥蜴,相似,相似,相似,相似,中立,相似,相似,相似,相似,相似,相似,相似,相似,中立,相似
地图,广场,非常不相似,非常不相似,非常不相似,非常不相似,不相似,非常不相似,非常不相似,非常不相似,非常不相似,非常不相似,不相似,不相似,不相似,不相似,不相似
锡,铝,相似,相似,中立,相似,相似,相似,相似,相似,相似,中立,中立,相似,相似,中立,中立
水平,得分,中立,中立,不相似,中立,中立,中立,中立,中立,中立,中立,不相似,中立,中立,中立,不相似
门,门口,中立,中立,相似,相似,相似,相似,相似,相似,相似,相似,相似,相似,相似,相似,相似
指甲,拇指,不相似,不相似,不相似,不相似,不相似,中立,不相似,不相似,中立,不相似,不相似,中立,不相似,不相似,不相似
甲板,老鼠,非常不相似,非常不相似,非常不相似,非常不相似,非常不相似,非常不相似,非常不相似,非常不相似,非常不相似,非常不相似,非常不相似,非常不相似,非常不相似,非常不相似,非常不相似
大厦,雕塑家,非常不相似,非常不相似,非常不相似,非常不相似,非常不相似,非常不相似,非常不相似,非常不相似,非常不相似,非常不相似,非常不相似,非常不相似,非常不相似,非常不相似,非常不相似
单身牢房,锁起来,中立,相似,中立,中立,中立,中立,不相似,非常不相似,中立,相似,不相似,中立,不相似,中立,中立
王冠,锁匙,非常不相似,非常不相似,非常不相似,非常不相似,非常不相似,非常不相似,非常不相似,非常不相似,非常不相似,非常不相似,非常不相似,非常不相似,非常不相似,非常不相似,非常不相似
电线,软线,相似,相似,相似,相似,相似,相似,相似,相似,相似,相似,相似,相似,相似,相似,相似
图表,图解,非常相似,非常相似,非常相似,非常相似,非常相似,非常相似,非常相似,非常相似,非常相似,非常相似,非常相似,非常相似,非常相似,非常相似,非常相似
成年人,监护人,中立,中立,中立,中立,中立,中立,中立,中立,中立,中立,中立,中立,中立,中立,中立
翻译者,外国人,不相似,不相似,不相似,不相似,不相似,不相似,不相似,不相似,不相似,不相似,不相似,不相似,不相似,不相似,不相似
月亮,行星,不相似,相似,相似,相似,相似,相似,中立,中立,不相似,相似,中立,相似,中立,相似,相似
歌谣,歌曲,非常相似,非常相似,非常相似,非常相似,非常相似,非常相似,非常相似,非常相似,非常相似,非常相似,非常相似,非常相似,非常相似,非常相似,非常相似
钱包,袋,相似,相似,相似,相似,相似,中立,相似,相似,相似,相似,相似,相似,中立,相似,相似
键盘,光,非常不相似,非常不相似,非常不相似,非常不相似,非常不相似,非常不相似,非常不相似,非常不相似,非常不相似,非常不相似,非常不相似,非常不相似,非常不相似,非常不相似,非常不相似
冬天,夏天,不相似,不相似,中立,不相似,中立,不相似,中立,不相似,不相似,中立,不相似,不相似,中立,中立,不相似
菜单,点菜,相似,相似,相似,中立,相似,相似,中立,相似,中立,相似,相似,相似,中立,相似,相似
血液,肉,不相似,中立,中立,不相似,中立,不相似,不相似,不相似,不相似,中立,中立,中立,不相似,不相似,不相似
新娘,公主,不相似,中立,不相似,不相似,不相似,中立,不相似,不相似,不相似,不相似,不相似,不相似,中立,不相似,不相似
任务,稻草,非常不相似,非常不相似,非常不相似,非常不相似,非常不相似,非常不相似,非常不相似,非常不相似,非常不相似,非常不相似,非常不相似,非常不相似,非常不相似,非常不相似,非常不相似
裁判官,法官,非常相似,非常相似,非常相似,非常相似,非常相似,非常相似,非常相似,非常相似,非常相似,非常相似,非常相似,非常相似,非常相似,相似,相似
分界线,国境,相似,相似,相似,相似,相似,相似,相似,相似,非常相似,非常相似,相似,相似,非常相似,相似,相似
书,正文,相似,相似,相似,中立,中立,相似,相似,相似,相似,相似,中立,中立,中立,相似,中立
癌症,疾病,非常相似,非常相似,非常相似,非常相似,非常相似,非常相似,非常相似,非常相似,非常相似,非常相似,非常相似,非常相似,非常相似,非常相似,非常相似
优雅,风格,中立,中立,相似,中立,中立,中立,中立,相似,中立,中立,中立,中立,相似,相似,中立
星,明亮,不相似,中立,中立,中立,不相似,中立,不相似,不相似,不相似,中立,不相似,不相似,不相似,中立,中立
失败,使气馁,相似,相似,中立,中立,不相似,相似,中立,不相似,中立,相似,中立,中立,不相似,中立,中立
掩盖,保护,中立,中立,中立,中立,中立,相似,不相似,中立,中立,相似,中立,中立,中立,中立,相似
偷,购买,非常不相似,非常不相似,非常不相似,非常不相似,非常不相似,非常不相似,非常不相似,非常不相似,非常不相似,非常不相似,非常不相似,非常不相似,非常不相似,非常不相似,非常不相似
说话,低语,相似,相似,非常相似,相似,相似,相似,非常相似,相似,非常相似,相似,相似,相似,相似,非常相似,相似
提醒,忘记,非常不相似,非常不相似,非常不相似,非常不相似,非常不相似,非常不相似,非常不相似,非常不相似,非常不相似,非常不相似,非常不相似,非常不相似,非常不相似,非常不相似,非常不相似
问,求情,不相似,不相似,不相似,不相似,不相似,不相似,不相似,不相似,不相似,不相似,不相似,中立,中立,不相似,不相似
听,听见,非常相似,非常相似,非常相似,非常相似,非常相似,非常相似,非常相似,非常相似,非常相似,非常相似,非常相似,非常相似,非常相似,非常相似,非常相似
侮辱,得罪,相似,相似,相似,相似,相似,相似,相似,相似,相似,相似,相似,相似,相似,相似,相似
完成,毕业,相似,非常相似,相似,相似,非常相似,相似,非常相似,非常相似,相似,非常相似,相似,相似,相似,相似,相似
玩,搏斗,不相似,不相似,非常不相似,非常不相似,非常不相似,非常不相似,非常不相似,不相似,不相似,非常不相似,非常不相似,非常不相似,非常不相似,非常不相似,非常不相似
搜索,看,不相似,中立,中立,中立,中立,中立,中立,中立,中立,中立,中立,中立,不相似,中立,中立
告诉,提醒,相似,相似,相似,相似,相似,相似,相似,相似,相似,相似,相似,相似,相似,相似,相似
攻击,加剧,不相似,不相似,不相似,不相似,不相似,不相似,不相似,不相似,中立,中立,不相似,中立,中立,不相似,不相似
接受,原谅,中立,中立,中立,中立,中立,中立,相似,中立,中立,中立,中立,中立,中立,中立,中立
创建,做,相似,相似,相似,相似,相似,相似,相似,相似,相似,相似,相似,相似,相似,相似,相似
戏弄,伤害,不相似,不相似,不相似,不相似,不相似,不相似,不相似,不相似,不相似,不相似,不相似,中立,不相似,不相似,不相似
腐烂,毁灭,中立,中立,相似,不相似,不相似,不相似,中立,中立,中立,相似,相似,中立,中立,中立,中立
找到,消失,非常不相似,非常不相似,非常不相似,非常不相似,非常不相似,非常不相似,非常不相似,非常不相似,非常不相似,非常不相似,非常不相似,非常不相似,非常不相似,非常不相似,非常不相似
断绝亲子关系,疏忽,不相似,不相似,不相似,不相似,不相似,不相似,不相似,不相似,不相似,不相似,不相似,中立,不相似,不相似,不相似
记得,想,相似,中立,中立,中立,相似,中立,相似,相似,相似,相似,相似,相似,相似,相似,相似
接受,承认,相似,相似,相似,相似,相似,相似,非常相似,相似,相似,相似,相似,相似,非常相似,相似,相似
给,偷,非常不相似,非常不相似,非常不相似,非常不相似,非常不相似,非常不相似,非常不相似,非常不相似,非常不相似,非常不相似,非常不相似,非常不相似,非常不相似,非常不相似,非常不相似
咬,搏斗,不相似,不相似,不相似,不相似,非常不相似,不相似,不相似,不相似,不相似,不相似,不相似,中立,不相似,不相似,不相似
成功,失败,非常不相似,非常不相似,非常不相似,非常不相似,非常不相似,非常不相似,非常不相似,非常不相似,非常不相似,非常不相似,非常不相似,非常不相似,非常不相似,非常不相似,非常不相似
说谎,装作,相似,中立,相似,相似,中立,相似,相似,相似,相似,相似,相似,相似,相似,相似,相似
聚集,收集,相似,相似,相似,相似,相似,相似,相似,相似,相似,相似,相似,相似,相似,相似,相似
出席,到达,中立,中立,中立,相似,中立,中立,中立,相似,中立,中立,中立,相似,中立,中立,相似
做,戒除,非常不相似,不相似,非常不相似,非常不相似,不相似,不相似,非常不相似,不相似,非常不相似,非常不相似,非常不相似,非常不相似,非常不相似,不相似,非常不相似
批评,讨厌,不相似,中立,中立,不相似,中立,中立,中立,中立,中立,不相似,不相似,中立,中立,中立,中立
离开,参加,非常不相似,非常不相似,非常不相似,非常不相似,非常不相似,非常不相似,非常不相似,非常不相似,非常不相似,非常不相似,非常不相似,非常不相似,非常不相似,非常不相似,非常不相似
搜索,狩猎,中立,中立,中立,中立,中立,中立,中立,中立,中立,中立,中立,中立,中立,中立,中立
逃跑,逃走,非常相似,非常相似,非常相似,非常相似,非常相似,非常相似,非常相似,非常相似,非常相似,非常相似,非常相似,非常相似,非常相似,非常相似,非常相似
杀,防守,非常不相似,非常不相似,非常不相似,非常不相似,非常不相似,非常不相似,非常不相似,非常不相似,非常不相似,非常不相似,非常不相似,非常不相似,非常不相似,非常不相似,非常不相似
打,吸引,非常不相似,非常不相似,非常不相似,非常不相似,非常不相似,非常不相似,非常不相似,不相似,非常不相似,非常不相似,非常不相似,非常不相似,非常不相似,非常不相似,非常不相似
使心烦,受伤,不相似,中立,不相似,不相似,中立,中立,中立,中立,中立,不相似,不相似,中立,中立,中立,不相似
讨论,说明,中立,相似,中立,中立,中立,中立,相似,中立,相似,相似,中立,中立,中立,中立,中立
忽略,避免,不相似,中立,不相似,中立,相似,中立,相似,中立,相似,中立,不相似,相似,相似,不相似,中立
使灰心,使气馁,非常相似,非常相似,非常相似,非常相似,非常相似,非常相似,非常相似,非常相似,非常相似,非常相似,非常相似,非常相似,非常相似,非常相似,非常相似
追求,说服,不相似,不相似,不相似,不相似,不相似,不相似,不相似,不相似,不相似,不相似,不相似,不相似,不相似,不相似,不相似
离开,徘徊,非常不相似,不相似,非常不相似,非常不相似,不相似,不相似,非常不相似,非常不相似,非常不相似,非常不相似,不相似,非常不相似,非常不相似,不相似,不相似
羞辱,安慰,非常不相似,非常不相似,非常不相似,非常不相似,非常不相似,非常不相似,非常不相似,非常不相似,非常不相似,非常不相似,非常不相似,非常不相似,非常不相似,非常不相似,非常不相似
停,驾驶,非常不相似,非常不相似,非常不相似,非常不相似,非常不相似,非常不相似,非常不相似,非常不相似,非常不相似,非常不相似,非常不相似,非常不相似,非常不相似,非常不相似,非常不相似
傻笑,大笑,相似,相似,相似,相似,相似,相似,相似,相似,相似,相似,中立,相似,相似,相似,相似
允许,反驳,非常不相似,非常不相似,非常不相似,非常不相似,非常不相似,不相似,非常不相似,非常不相似,非常不相似,非常不相似,非常不相似,不相似,非常不相似,非常不相似,非常不相似
搜索,查询,相似,相似,相似,相似,非常相似,相似,相似,相似,非常相似,相似,相似,相似,相似,相似,非常相似
离开,忽略,不相似,不相似,不相似,不相似,中立,不相似,不相似,不相似,不相似,不相似,不相似,中立,不相似,中立,不相似
分数,评分,中立,相似,相似,相似,相似,中立,相似,相似,相似,相似,相似,相似,相似,相似,相似
分析,评估,相似,相似,相似,相似,相似,相似,相似,相似,相似,相似,相似,相似,相似,相似,相似
出席,争论,不相似,非常不相似,不相似,非常不相似,非常不相似,不相似,非常不相似,非常不相似,不相似,非常不相似,不相似,不相似,非常不相似,非常不相似,非常不相似
步行,站立,不相似,不相似,中立,不相似,不相似,中立,不相似,不相似,中立,不相似,中立,中立,不相似,不相似,不相似
混合,溶解,中立,相似,中立,中立,相似,相似,相似,中立,相似,相似,相似,相似,相似,中立,中立
收藏,保存,相似,相似,相似,非常相似,相似,相似,相似,相似,非常相似,相似,非常相似,相似,非常相似,相似,相似
拿,交付,中立,中立,中立,中立,不相似,不相似,中立,不相似,不相似,中立,不相似,中立,中立,不相似,中立
做,赚,不相似,中立,中立,中立,中立,不相似,中立,中立,中立,不相似,不相似,不相似,不相似,中立,不相似
捏,用拳猛击,不相似,不相似,不相似,不相似,不相似,不相似,不相似,不相似,不相似,不相似,不相似,不相似,不相似,不相似,不相似
放开,按下,非常不相似,非常不相似,不相似,非常不相似,非常不相似,不相似,非常不相似,非常不相似,不相似,不相似,非常不相似,不相似,非常不相似,不相似,非常不相似
担心,浪费,不相似,非常不相似,不相似,非常不相似,非常不相似,非常不相似,非常不相似,非常不相似,非常不相似,非常不相似,非常不相似,不相似,非常不相似,非常不相似,不相似
知道,理解,相似,相似,非常相似,相似,非常相似,相似,相似,相似,相似,相似,非常相似,相似,相似,相似,相似
选择,挑选,非常相似,非常相似,非常相似,非常相似,非常相似,非常相似,非常相似,非常相似,非常相似,非常相似,非常相似,非常相似,非常相似,非常相似,非常相似
了解,原谅,不相似,不相似,不相似,不相似,中立,不相似,中立,不相似,不相似,不相似,不相似,不相似,不相似,不相似,中立
借,乞求,中立,中立,中立,不相似,不相似,中立,不相似,不相似,中立,不相似,中立,中立,不相似,中立,中立
拿,拥有,中立,中立,中立,相似,中立,不相似,中立,中立,不相似,中立,中立,不相似,不相似,中立,中立
离开,留,非常不相似,非常不相似,非常不相似,非常不相似,非常不相似,非常不相似,非常不相似,非常不相似,非常不相似,非常不相似,非常不相似,非常不相似,非常不相似,非常不相似,非常不相似
到达,离开,非常不相似,非常不相似,非常不相似,非常不相似,非常不相似,非常不相似,非常不相似,非常不相似,不相似,非常不相似,非常不相似,非常不相似,非常不相似,非常不相似,非常不相似
创建,潜水,非常不相似,非常不相似,非常不相似,非常不相似,非常不相似,非常不相似,非常不相似,非常不相似,非常不相似,非常不相似,非常不相似,非常不相似,非常不相似,非常不相似,非常不相似
享受,娱乐,相似,相似,相似,相似,相似,非常相似,相似,相似,相似,相似,相似,相似,相似,相似,相似
建议,劝告,非常相似,非常相似,非常相似,相似,非常相似,非常相似,相似,非常相似,非常相似,非常相似,非常相似,非常相似,非常相似,相似,非常相似
编织,移动,不相似,不相似,不相似,不相似,不相似,不相似,不相似,不相似,不相似,不相似,不相似,中立,不相似,不相似,不相似
运输,电梯,不相似,不相似,不相似,不相似,非常不相似,不相似,非常不相似,不相似,非常不相似,非常不相似,不相似,不相似,非常不相似,不相似,不相似
留,保留,非常相似,非常相似,非常相似,非常相似,非常相似,非常相似,非常相似,非常相似,非常相似,非常相似,非常相似,非常相似,非常相似,非常相似,非常相似
同意,争论,非常不相似,非常不相似,非常不相似,非常不相似,非常不相似,非常不相似,非常不相似,非常不相似,非常不相似,非常不相似,非常不相似,非常不相似,非常不相似,非常不相似,非常不相似
选择,选举,相似,相似,相似,相似,相似,相似,非常相似,相似,相似,相似,相似,非常相似,相似,相似,相似
假设,预测,中立,中立,中立,中立,不相似,中立,中立,中立,中立,中立,中立,中立,中立,中立,中立
欲望,想要,非常相似,非常相似,非常相似,非常相似,非常相似,非常相似,相似,非常相似,非常相似,相似,非常相似,非常相似,非常相似,非常相似,非常相似
赦免,原谅,相似,相似,相似,非常相似,相似,相似,非常相似,非常相似,非常相似,非常相似,相似,非常相似,相似,非常相似,相似
啜,大口地吃,不相似,不相似,不相似,不相似,不相似,中立,中立,中立,中立,中立,不相似,不相似,不相似,不相似,不相似
驱逐,离开,中立,中立,中立,中立,不相似,中立,中立,中立,中立,中立,中立,中立,中立,中立,不相似
坠落,伤害,不相似,不相似,不相似,不相似,不相似,不相似,不相似,不相似,不相似,不相似,不相似,不相似,不相似,不相似,不相似
成功,尝试,不相似,不相似,不相似,不相似,不相似,不相似,不相似,不相似,不相似,不相似,不相似,中立,不相似,不相似,中立
承诺,发誓,相似,非常相似,非常相似,非常相似,相似,相似,相似,非常相似,非常相似,非常相似,相似,非常相似,相似,非常相似,相似
带来,抱怨,非常不相似,非常不相似,非常不相似,非常不相似,非常不相似,非常不相似,非常不相似,非常不相似,非常不相似,非常不相似,非常不相似,非常不相似,非常不相似,非常不相似,非常不相似
成长,增加,相似,相似,相似,相似,相似,相似,相似,相似,相似,相似,相似,相似,相似,相似,相似
让,允许,非常相似,非常相似,非常相似,非常相似,非常相似,非常相似,非常相似,非常相似,非常相似,非常相似,非常相似,非常相似,非常相似,非常相似,非常相似
敬礼,演出,非常不相似,非常不相似,不相似,不相似,非常不相似,非常不相似,非常不相似,非常不相似,非常不相似,不相似,非常不相似,不相似,非常不相似,非常不相似,不相似
聚集,见面,中立,中立,中立,中立,不相似,不相似,中立,中立,中立,中立,中立,中立,中立,中立,中立
生活,生存,相似,相似,非常相似,相似,相似,非常相似,相似,非常相似,相似,非常相似,相似,非常相似,非常相似,非常相似,非常相似
安排,组织,相似,相似,相似,相似,相似,相似,相似,相似,非常相似,相似,相似,相似,相似,相似,相似
降低,减少,非常相似,非常相似,非常相似,非常相似,非常相似,非常相似,非常相似,非常相似,非常相似,非常相似,非常相似,非常相似,非常相似,非常相似,非常相似
找到,逃逸,非常不相似,非常不相似,非常不相似,非常不相似,非常不相似,非常不相似,非常不相似,非常不相似,非常不相似,非常不相似,非常不相似,非常不相似,非常不相似,非常不相似,非常不相似
珍爱,保持,中立,中立,中立,中立,中立,不相似,中立,中立,中立,不相似,不相似,不相似,不相似,不相似,中立
给,知道,非常不相似,非常不相似,非常不相似,非常不相似,非常不相似,非常不相似,非常不相似,非常不相似,非常不相似,非常不相似,非常不相似,非常不相似,非常不相似,非常不相似,非常不相似
装作,似乎,相似,相似,相似,相似,相似,相似,中立,相似,相似,相似,相似,中立,相似,相似,相似
花费,节约,非常不相似,非常不相似,非常不相似,非常不相似,非常不相似,非常不相似,非常不相似,非常不相似,非常不相似,非常不相似,非常不相似,非常不相似,非常不相似,非常不相似,非常不相似
拖着脚走,骑,非常不相似,非常不相似,非常不相似,非常不相似,非常不相似,非常不相似,非常不相似,非常不相似,非常不相似,非常不相似,非常不相似,非常不相似,非常不相似,非常不相似,非常不相似
煮沸,炒,不相似,中立,中立,不相似,中立,中立,中立,中立,不相似,不相似,中立,中立,不相似,中立,中立
漂移,流,相似,相似,相似,相似,相似,相似,相似,相似,相似,相似,相似,相似,相似,中立,相似
知道,相信,相似,中立,中立,中立,中立,中立,中立,中立,中立,中立,中立,中立,中立,相似,中立
举起,提高,非常相似,相似,相似,相似,相似,相似,相似,相似,非常相似,相似,相似,非常相似,相似,相似,相似
发射,发送,相似,中立,中立,不相似,中立,中立,中立,不相似,中立,不相似,中立,不相似,中立,中立,中立
竞争,完成,非常不相似,不相似,不相似,非常不相似,不相似,不相似,不相似,非常不相似,非常不相似,非常不相似,非常不相似,非常不相似,非常不相似,不相似,非常不相似
抖动,搅拌,相似,中立,中立,相似,中立,中立,中立,中立,中立,中立,中立,中立,不相似,中立,中立
给,断绝亲子关系,非常不相似,非常不相似,非常不相似,非常不相似,非常不相似,非常不相似,非常不相似,非常不相似,非常不相似,非常不相似,非常不相似,非常不相似,非常不相似,非常不相似,非常不相似
参与,加入,非常相似,非常相似,非常相似,非常相似,非常相似,非常相似,非常相似,非常相似,非常相似,非常相似,非常相似,非常相似,非常相似,非常相似,非常相似
走,发送,非常不相似,非常不相似,非常不相似,非常不相似,非常不相似,非常不相似,非常不相似,非常不相似,非常不相似,非常不相似,非常不相似,非常不相似,非常不相似,非常不相似,非常不相似
获得,偷,中立,中立,中立,中立,中立,中立,不相似,中立,中立,中立,中立,中立,中立,中立,中立
发光,照耀,非常相似,非常相似,非常相似,非常相似,非常相似,非常相似,相似,非常相似,非常相似,非常相似,相似,非常相似,非常相似,相似,相似
提醒,卖,非常不相似,非常不相似,非常不相似,非常不相似,非常不相似,非常不相似,非常不相似,非常不相似,非常不相似,非常不相似,非常不相似,非常不相似,非常不相似,非常不相似,非常不相似
争论,叫喊,不相似,不相似,中立,不相似,不相似,中立,不相似,不相似,中立,中立,中立,中立,不相似,不相似,中立
收到,接受,非常相似,非常相似,非常相似,非常相似,非常相似,非常相似,非常相似,非常相似,非常相似,非常相似,非常相似,非常相似,非常相似,非常相似,非常相似
混合,联合,相似,相似,相似,相似,中立,相似,相似,相似,相似,相似,相似,相似,非常相似,相似,中立
控制,停止,不相似,不相似,中立,中立,不相似,不相似,中立,中立,中立,中立,不相似,不相似,不相似,不相似,中立
做,发生,不相似,不相似,不相似,不相似,不相似,不相似,不相似,不相似,中立,不相似,非常不相似,不相似,中立,不相似,中立
离开,走开,非常相似,非常相似,非常相似,非常相似,非常相似,非常相似,非常相似,非常相似,非常相似,非常相似,非常相似,非常相似,非常相似,非常相似,非常相似
读,理解,中立,相似,相似,相似,相似,相似,相似,中立,中立,中立,相似,中立,中立,中立,中立
装作,想像,不相似,不相似,中立,中立,不相似,不相似,不相似,不相似,不相似,中立,中立,不相似,不相似,不相似,中立
跟随,追逐,相似,相似,相似,相似,相似,相似,中立,中立,相似,中立,相似,相似,中立,相似,相似
加,除,非常不相似,不相似,不相似,不相似,非常不相似,不相似,非常不相似,非常不相似,非常不相似,非常不相似,非常不相似,非常不相似,不相似,不相似,非常不相似
